,latitude,longitude,price,bedrooms,bathrooms,sqft_living,sqft_lot,floors
27,47.6221,-122.314,667000,3,1,1400,1581,1.5
64,47.6113,-122.297,425000,3,2.25,1660,6000,1
99,47.6415,-122.315,850830,3,2.5,2070,13241,1.5
174,47.6106,-122.31,425000,3,2.5,1120,1100,2
176,47.6101,-122.307,385000,3,1,1220,4800,1
236,47.6136,-122.303,410000,4,1,1970,4740,1.5
259,47.6362,-122.302,780000,3,1,1660,4400,1.5
262,47.5964,-122.299,425000,2,1,770,5040,1
281,47.6166,-122.287,2050000,5,3,3830,8480,2
304,47.6239,-122.298,725000,3,1.75,1920,3300,1
309,47.601,-122.294,834000,4,2.5,2370,4000,1.5
324,47.644,-122.319,740000,4,2,2050,4400,1.5
374,47.592,-122.307,435000,3,1.5,1300,3348,1.5
395,47.6055,-122.305,557000,3,3.5,1710,2096,2
419,47.6073,-122.308,375000,2,1,940,5120,1
490,47.6192,-122.301,490000,2,2.5,1230,1391,2
513,47.6415,-122.285,2250000,4,2.25,4760,8036,2.5
568,47.6136,-122.299,650000,5,2.75,2550,5040,1.5
581,47.6045,-122.307,640000,3,2.5,2160,4000,1.5
668,47.6462,-122.318,865000,4,1.75,1800,4180,2
771,47.6101,-122.295,493000,4,2,1910,2874,1
773,47.6196,-122.286,2250000,5,4.25,4860,9453,1.5
805,47.6124,-122.309,419000,2,2.25,1180,1253,2
855,47.5951,-122.307,910000,3,3.5,2480,3200,2
862,47.5962,-122.288,642450,3,1.75,1830,4160,1
867,47.6362,-122.322,1095000,0,0,3064,4764,3.5
878,47.6094,-122.291,700000,5,3.25,2400,3118,2
883,47.6476,-122.318,1010000,4,1,1820,5400,1.5
936,47.6364,-122.3,915000,5,2.5,2750,5589,1.5
954,47.6233,-122.319,425000,2,1,970,2970,1
1006,47.6078,-122.291,429000,2,1,1080,3600,1
1066,47.6231,-122.293,515000,2,1,1060,4228,1
1075,47.6163,-122.292,490000,3,1.5,1970,3400,1.5
1092,47.6051,-122.319,631000,5,2,2270,2400,2
1115,47.6261,-122.296,505000,3,1,1380,4000,1.5
1131,47.5965,-122.311,380000,5,2,1680,3240,1
1206,47.617,-122.282,1875000,5,3.25,4110,7920,2
1235,47.6189,-122.288,1225000,5,4.5,3732,4426,2.5
1263,47.5926,-122.295,363000,2,2,920,1201,2
1266,47.6196,-122.292,831000,4,3,2170,4000,2
1307,47.6498,-122.321,600000,3,1.75,1620,1325,2.5
1314,47.607,-122.305,625000,3,3.5,1810,1846,2
1316,47.6227,-122.31,1200000,4,2,2120,3360,2
1423,47.5959,-122.293,535000,3,2,2040,5600,1
1480,47.596,-122.298,499950,3,3.5,1820,1991,2
1504,47.6209,-122.317,550000,3,1.75,1650,3200,1.5
1575,47.5947,-122.288,1050000,4,2.5,2920,7200,1
1583,47.6393,-122.311,895000,3,2.5,2500,7746,2
1598,47.6099,-122.297,349500,3,2,1270,3600,1
1608,47.6248,-122.301,169317,2,1,790,4000,1
1609,47.6258,-122.302,1198000,4,3.5,3400,3850,2.5
1610,47.6325,-122.303,880000,2,1,1530,6350,1.5
1641,47.5943,-122.296,342000,3,3,1260,1251,2
1642,47.6086,-122.303,490000,8,5,2800,2580,2
1683,47.619,-122.311,600000,2,1,1040,3600,1
1688,47.6272,-122.316,1265000,4,3,3130,2646,2.5
1698,47.612,-122.292,800000,3,1,1700,4400,1.5
1720,47.609,-122.307,469000,3,1,950,4250,1.5
1798,47.6255,-122.314,1315000,4,2.25,3180,6105,2
1849,47.6059,-122.307,618000,3,2.5,2340,3630,2
1868,47.5998,-122.306,345000,2,1.5,830,920,2
1874,47.6053,-122.291,599000,4,2.75,2020,2750,1
1923,47.6315,-122.29,1715000,4,3.75,4490,7623,2
1924,47.6338,-122.319,2400000,4,3.75,4090,24825,2
1966,47.6298,-122.29,1600000,3,4.25,2820,7200,2
1985,47.6296,-122.308,625000,3,1.75,1660,4800,2
1986,47.6367,-122.318,1015000,4,2.5,2960,4760,2
1996,47.6357,-122.324,580000,3,3.25,1490,857,3
2023,47.632,-122.289,1568000,3,2.75,2340,8828,1
2056,47.6265,-122.312,875000,5,2.5,2920,5568,2
2061,47.6256,-122.284,1250000,3,2.5,2070,4944,2
2077,47.6039,-122.298,491000,3,2,2005,7000,1
2095,47.6288,-122.321,852000,3,3,2400,4000,2
2139,47.6169,-122.309,570000,3,3.5,1460,1021,2
2150,47.6052,-122.3,638000,3,1,1830,4400,1.5
2256,47.6108,-122.308,660000,3,3,2260,1825,2
2259,47.6272,-122.29,569000,3,2,1990,3000,1.5
2271,47.6388,-122.3,585000,5,2.75,2350,4178,1.5
2284,47.6406,-122.304,1185000,4,2.75,2850,3000,2.5
2296,47.6394,-122.29,1810000,3,3.5,3780,8295,2
2405,47.6154,-122.283,1600000,5,2.5,3100,5374,2.5
2492,47.6118,-122.306,415000,3,1,1560,4500,1.5
2530,47.6158,-122.293,890000,4,2.75,2610,4400,1
2534,47.6381,-122.304,1600000,4,2.25,2940,5735,1
2536,47.6037,-122.311,499000,3,2.5,1750,2150,2.5
2578,47.5934,-122.308,450000,3,1,1210,4000,1.5
2588,47.6035,-122.285,1165000,3,3,3790,5001,2
2645,47.6305,-122.3,820000,2,2.5,2210,4440,2
2667,47.6048,-122.312,412000,2,1,1040,5120,1
2678,47.6233,-122.3,780000,2,2.5,2560,2500,2
2755,47.6012,-122.291,545000,2,1.5,1620,3760,2
2781,47.5926,-122.296,450000,2,3,1790,1709,2
2790,47.6168,-122.301,425000,3,2,1180,1800,2
2818,47.6056,-122.305,534000,5,2,2280,3600,2
2821,47.623,-122.304,856000,3,1.5,1480,2700,1.5
2822,47.6182,-122.302,582000,4,3,1670,1189,3
2831,47.5925,-122.287,3600000,3,3.25,5020,12431,2
2887,47.6249,-122.311,1125000,5,1.75,1910,5640,2
2896,47.5924,-122.302,700000,3,1,1410,7200,2
2916,47.5961,-122.305,313000,4,1.75,1630,3000,1
2928,47.6049,-122.288,464000,3,1,1320,3625,2
2950,47.6033,-122.287,765000,3,2.75,2250,9600,2.5
2960,47.6196,-122.298,570000,3,2,1400,1657,2
2970,47.6033,-122.295,441000,4,1.5,1100,3300,1
2973,47.633,-122.282,524000,2,2,1450,2272,1
2975,47.6331,-122.31,1325000,4,3.25,2470,4760,1.5
3029,47.5959,-122.291,950000,5,3.25,2700,3650,2
3037,47.6205,-122.291,728000,3,1.5,1940,4000,1.5
3066,47.6467,-122.304,975000,4,2.5,3020,4950,1.5
3084,47.6231,-122.292,350000,3,1.5,1320,4400,1
3093,47.6362,-122.282,1265000,4,2.25,2870,6000,1
3095,47.6032,-122.285,759000,3,2.75,1960,6390,1.5
3113,47.6135,-122.307,402500,4,1,1270,3630,1.5
3117,47.6283,-122.312,1506000,4,3.25,3660,5800,2.5
3151,47.6332,-122.29,1400000,3,3.25,3020,6073,2
3160,47.5916,-122.293,375000,2,1.5,1160,1648,2
3165,47.6405,-122.301,710000,2,1,1790,4000,1
3210,47.6028,-122.298,464000,5,2,2000,3000,1.5
3216,47.6178,-122.299,439000,1,1,790,2400,1
3221,47.6387,-122.284,1900000,3,3.75,3150,8550,2
3262,47.6308,-122.312,885000,3,1.5,2200,2880,2
3281,47.6044,-122.284,921000,4,2.5,2310,5362,2
3290,47.6192,-122.299,487028,2,1.5,1295,1093,2
3300,47.6458,-122.32,1675000,6,2.25,4910,6600,2.5
3305,47.596,-122.311,247300,2,2,1140,1118,2
3345,47.6306,-122.288,2544750,5,4.75,5410,13431,2
3354,47.6254,-122.292,553650,2,2.5,1360,1349,2
3367,47.633,-122.283,1570000,4,3.75,3070,5850,2
3370,47.6357,-122.322,390000,2,1.75,1150,2723,1
3411,47.6182,-122.312,1234570,2,2.5,2470,609,3
3419,47.6317,-122.301,640000,3,1,1210,3720,2
3490,47.6059,-122.3,548500,3,1,1740,4400,1.5
3560,47.6221,-122.325,933000,3,1.5,1870,3300,2
3638,47.6112,-122.303,430000,4,2,1990,4740,1
3679,47.6197,-122.3,579000,3,2.5,1640,1269,3
3690,47.6319,-122.288,2453500,4,3.5,4730,13586,1.5
3707,47.6205,-122.294,549000,2,1,1140,5400,1
3764,47.6374,-122.288,2890000,4,4,5780,7173,2
3804,47.6097,-122.287,1075000,4,2.25,2820,5000,1.5
3812,47.634,-122.288,2200000,4,3,3540,11098,2
3848,47.5924,-122.294,450000,3,2.5,1639,2710,2
3862,47.6282,-122.293,965000,4,2.5,2460,5000,2
3874,47.6157,-122.287,1495000,4,3.75,3770,4000,2.5
3881,47.6344,-122.305,880000,4,2.5,2350,4675,2
3910,47.6163,-122.293,665000,4,3,2160,4400,1
3936,47.6082,-122.299,202000,1,1,590,833,1
4018,47.6235,-122.306,761000,3,3.5,2050,2020,2
4073,47.6248,-122.319,625000,3,3.5,1560,1490,2
4081,47.6,-122.298,399950,3,2.5,1610,1320,2
4082,47.6053,-122.306,545000,4,3.5,1880,1341,3
4084,47.6101,-122.286,1210000,4,2.25,3270,6000,2
4171,47.6423,-122.329,755000,2,2.5,1360,2070,2
4179,47.6374,-122.324,700000,9,3,3680,4400,2
4185,47.604,-122.288,865000,4,2.5,2710,4069,3
4344,47.6429,-122.327,796000,3,1,1980,3243,1.5
4387,47.6188,-122.285,825000,4,1.5,2040,6900,2
4394,47.6198,-122.299,500000,3,2.25,1360,1236,2
4398,47.6245,-122.327,840000,4,2.75,3040,2800,2
4420,47.6029,-122.302,520000,3,2,1410,2700,2
4451,47.6063,-122.292,785200,3,2.25,1840,3500,1.5
4526,47.6225,-122.318,1200000,5,2.5,2860,4000,2
4536,47.6345,-122.302,1206500,3,2.75,3150,5520,1.5
4596,47.6028,-122.312,302000,3,1,1600,1950,2
4616,47.6113,-122.292,670000,3,1.5,1490,4400,1.5
4618,47.6117,-122.297,650000,4,2,1930,3976,1.5
4619,47.6408,-122.3,690000,2,1.75,1600,4000,1
4634,47.6089,-122.303,558000,4,2,2180,3870,1
4637,47.6136,-122.297,670000,4,2,2250,4200,1.5
4638,47.6381,-122.314,1125000,6,4.25,3100,9378,3
4653,47.6454,-122.316,750000,7,2.75,3410,4056,1.5
4654,47.617,-122.291,800000,3,2.75,2220,4000,2
4692,47.597,-122.292,934550,4,3.25,2320,5900,1.5
4746,47.6285,-122.322,2479000,5,3.75,6810,7500,2.5
4756,47.6115,-122.292,650500,3,1.75,1740,4400,1.5
4775,47.6434,-122.3,950000,4,2.5,1700,4418,2
4788,47.6359,-122.3,840000,4,2.25,2100,3671,1.5
4794,47.6321,-122.304,2048000,5,4,4690,8208,2
4811,47.6427,-122.304,1151250,4,2.5,1940,4875,2
4867,47.5996,-122.288,1400000,3,2.5,2550,7200,2
4883,47.6147,-122.302,278000,4,2,1480,6324,1
4975,47.6453,-122.327,600000,2,1,1110,3500,1.5
4993,47.6037,-122.307,430000,2,2.25,1040,1516,2
5024,47.6132,-122.297,420000,2,1.75,1200,3136,1
5116,47.6275,-122.321,525000,4,1,1570,4000,1.5
5157,47.621,-122.302,760000,5,1.5,3050,2992,1.5
5311,47.6245,-122.316,935000,4,2,2580,4500,2
5318,47.6024,-122.295,823000,6,1.75,2920,5000,2.5
5347,47.5959,-122.3,525000,6,3,2880,7560,2
5357,47.6046,-122.3,540000,5,1,2480,4400,1.5
5422,47.6051,-122.311,682000,3,1.75,1830,5120,1.5
5487,47.6058,-122.313,302282,2,1,1095,5120,1.5
5587,47.6313,-122.303,1157400,3,2.5,2740,5925,2
5616,47.639,-122.31,770000,3,2,2350,5700,1.5
5619,47.6312,-122.291,2466350,5,4.75,6390,13180,2
5659,47.5949,-122.307,404500,2,1,1270,3700,1.5
5668,47.5942,-122.298,387000,2,2.25,1230,1280,2
5696,47.6188,-122.308,739375,5,3,2640,3200,2
5732,47.604,-122.307,435000,2,2.5,1560,1222,2
5738,47.6055,-122.285,1697000,3,2,2600,6600,2
5771,47.607,-122.297,295000,2,1,750,4500,1
5773,47.6149,-122.287,1727000,4,2.25,3470,8000,1.5
5779,47.6012,-122.296,345000,3,1,1140,4200,2
5780,47.6212,-122.296,399000,2,1,700,3400,1
5786,47.6031,-122.303,449950,3,2,1880,3048,2
5794,47.5982,-122.299,230000,3,1,680,2400,1
5812,47.5985,-122.298,350000,3,1,1190,3600,1.5
5832,47.5958,-122.306,677000,4,2,2180,6000,1.5
5881,47.6436,-122.303,724800,3,2,2050,3933,1
5887,47.6018,-122.291,685000,3,1.75,1480,7000,1
5914,47.6329,-122.31,1325000,4,2.25,2870,6280,1.5
5930,47.6376,-122.307,920000,4,1.5,1850,3600,2
5989,47.6146,-122.299,330000,1,1,860,4800,1
6003,47.595,-122.306,495000,3,2.25,2100,3000,2
6027,47.6078,-122.307,345000,3,1,1390,2640,1.5
6033,47.6104,-122.303,863500,4,3,3250,2760,2.5
6068,47.6058,-122.3,382000,4,1,1740,4400,1.5
6098,47.6287,-122.287,2400000,4,3.5,5860,7200,2
6105,47.6051,-122.298,421500,3,1.5,990,4500,1
6125,47.622,-122.3,650000,2,2.5,1740,2500,2
6143,47.6224,-122.326,635000,3,3.5,1730,1349,3
6165,47.6195,-122.313,675000,3,1.5,2510,3600,2.5
6172,47.6265,-122.323,670000,3,2.5,1420,1438,2
6182,47.6227,-122.323,799200,6,3,2890,2370,2.5
6192,47.6033,-122.303,550000,3,2.5,2340,4200,1.5
6209,47.6238,-122.311,751750,2,2,1880,5400,1.5
6214,47.6122,-122.298,580000,3,2.25,1900,3960,1.5
6245,47.6147,-122.3,260000,2,1,700,4800,1
6280,47.6283,-122.301,690500,5,2,2000,4211,1.5
6336,47.5936,-122.301,595000,3,1,1560,3960,1.5
6352,47.6289,-122.309,950000,3,2,2250,2975,2
6441,47.6428,-122.302,750000,3,2,1840,2825,1
6660,47.6284,-122.312,1335000,5,2.25,4200,5800,2.5
6673,47.6288,-122.284,2250000,3,3,4040,7200,1.5
6680,47.6042,-122.303,390000,3,3,1550,1608,2
6725,47.6304,-122.301,508000,2,1,1200,2500,2
6749,47.6466,-122.304,685000,6,2.25,2770,5854,1.5
6762,47.5949,-122.296,425000,4,2,1490,5300,1
6822,47.6102,-122.309,612000,3,3,1740,3700,1
6823,47.6155,-122.3,591000,3,1.75,1680,2400,1
6854,47.6032,-122.31,447500,2,2.25,1180,2090,2
6862,47.6102,-122.314,690000,3,2,1770,1800,3
6915,47.6156,-122.299,631000,4,2,1930,3240,1.5
6943,47.6264,-122.302,560000,4,1.5,1810,3400,2
6970,47.6399,-122.32,482000,2,2.25,1350,1248,2
7001,47.6134,-122.308,750000,2,1.5,1300,7632,1
7025,47.6121,-122.294,605000,2,2,1270,5500,1.5
7071,47.6461,-122.317,900000,2,1,1240,5500,1
7088,47.6005,-122.306,304000,2,1.5,950,676,2
7107,47.6076,-122.298,375000,4,2,1240,3000,1
7126,47.6298,-122.323,7700000,6,8,12050,27600,2.5
7128,47.6265,-122.3,1045000,4,3,3560,4000,3
7148,47.6178,-122.292,440000,3,1,1040,4000,1
7157,47.6453,-122.303,1160000,4,2.5,2790,5450,2
7217,47.6147,-122.285,1535000,4,3.25,2850,4100,2
7249,47.6155,-122.306,250000,1,1,780,1033,1
7289,47.6259,-122.291,1975000,6,4.5,4800,9097,2
7332,47.5917,-122.29,825000,4,1,2290,6300,1.5
7349,47.6315,-122.311,1025000,3,1,2050,4800,2
7356,47.5942,-122.296,359000,3,3,1320,1071,2
7387,47.6066,-122.304,450000,3,2,1010,2820,1.5
7401,47.6133,-122.306,935000,4,2,1220,7489,2
7408,47.5972,-122.296,410000,4,2,1510,3240,1
7410,47.6312,-122.307,809000,4,1.5,1840,4337,2
7413,47.6265,-122.295,1050000,3,1.75,2650,5512,2
7419,47.6296,-122.3,575000,2,1,1490,6000,1
7455,47.6145,-122.295,387500,4,1,1320,4440,1.5
7479,47.5976,-122.295,449000,3,1.75,1270,6600,1.5
7486,47.592,-122.295,257000,2,1.75,1220,2268,1
7498,47.6159,-122.306,507200,3,3.5,1630,1329,2
7520,47.6277,-122.286,2538000,4,3.5,4350,6000,2
7524,47.6402,-122.314,960000,3,2.5,2010,6857,1
7537,47.6217,-122.309,1112750,5,3.5,3090,3600,2
7550,47.6013,-122.299,345000,2,1,960,2700,1
7722,47.6131,-122.297,387000,2,2.5,1170,1394,2
7745,47.6285,-122.301,713500,3,2,1720,4200,2
7808,47.6223,-122.294,332000,1,1,960,2640,1
7850,47.6156,-122.297,622000,3,1.5,1650,3150,1.5
7863,47.5986,-122.298,390000,3,1,1240,3600,1.5
7893,47.6001,-122.298,455000,2,1.5,1200,1259,2
7895,47.6452,-122.317,1440000,3,3.5,3870,3819,2
7896,47.617,-122.286,850000,3,2.25,2220,3707,2
7922,47.6253,-122.284,1475000,4,3,3050,6179,2
7944,47.617,-122.309,485500,2,1.5,1340,1286,2
7959,47.5919,-122.297,285000,2,1,990,2446,2
8066,47.606,-122.307,733500,3,1.5,2120,4370,1.5
8073,47.6187,-122.284,2193000,3,2.25,3360,7108,2
8081,47.6099,-122.293,613000,3,2.5,1350,3068,2
8116,47.6261,-122.324,350000,2,1,1070,2880,1
8132,47.5918,-122.295,245000,2,1,670,2356,1
8138,47.6172,-122.298,650000,2,1,1050,2542,1
8169,47.637,-122.327,525000,3,2.25,1290,1182,2
8173,47.5953,-122.294,577500,2,2.5,2330,3000,2
8192,47.6476,-122.32,875000,3,2,2350,6000,1.5
8221,47.6039,-122.307,446000,2,1.5,1370,1221,2
8226,47.6025,-122.286,771000,3,2.25,1780,6120,1.5
8383,47.5923,-122.301,450000,9,7.5,4050,6504,2
8438,47.6088,-122.293,470000,4,2,1500,3659,1
8490,47.6405,-122.324,440000,2,2.75,1100,1088,2
8549,47.625,-122.3,958000,4,3.5,1800,6400,2
8597,47.6191,-122.301,460000,2,2.25,1230,929,2
8625,47.6138,-122.299,659000,3,1.5,1540,5040,2
8635,47.6155,-122.29,1000000,3,3,2880,3750,2
8650,47.6242,-122.306,1005000,5,2,2440,3080,2
8736,47.6342,-122.289,1910000,4,3,4460,6833,2
8737,47.5929,-122.306,190500,3,1.5,1110,1150,2
8799,47.6184,-122.301,482500,3,2.25,1450,1445,2
8813,47.61,-122.293,454000,3,2.5,1590,4094,2
8823,47.6074,-122.294,552500,3,2.25,2700,4025,2
8824,47.6394,-122.321,1050000,3,3,3490,4500,2.5
8826,47.6393,-122.308,680000,3,1.75,1620,5500,1
8827,47.635,-122.284,985000,3,1.75,1670,5400,2
8829,47.5937,-122.301,431000,2,1.5,1300,4000,1.5
8856,47.6157,-122.29,770000,3,1.75,1720,5000,1
8914,47.6215,-122.29,883000,4,2.5,2800,6874,2
8936,47.641,-122.315,660000,3,2.5,2290,2798,3
8992,47.6258,-122.305,1234000,4,3,2660,4600,1.5
8996,47.6145,-122.284,1265000,4,3.25,3640,3604,2
9022,47.6362,-122.324,670000,3,1.75,1280,2147,1.5
9085,47.6236,-122.306,490000,3,1.5,990,1343,2
9116,47.6412,-122.302,727000,3,2.25,2180,4200,1.5
9228,47.6191,-122.296,375000,3,2,2240,5200,1
9261,47.605,-122.304,500000,3,2,1560,1156,3
9329,47.6144,-122.295,615000,2,1.5,880,2400,1.5
9363,47.5926,-122.293,570000,2,1,1790,3760,1.5
9384,47.6287,-122.3,785950,4,3,2530,4560,1.5
9392,47.6157,-122.291,563250,3,1.75,1370,2800,1
9414,47.6317,-122.312,1755000,3,2,2360,4800,2
9429,47.6183,-122.298,358000,2,1.5,960,1808,2
9472,47.6317,-122.304,1395710,4,2.25,3960,8640,2
9505,47.6029,-122.309,390000,2,1.5,1050,934,2
9516,47.5978,-122.292,1220000,3,3.25,3030,5600,2
9555,47.6224,-122.304,500000,2,1,1010,3885,1.5
9579,47.6332,-122.281,1100000,3,2.75,2640,4050,1.5
9652,47.6021,-122.295,448175,2,2,1370,1339,2
9657,47.6448,-122.317,1100000,4,3,2880,5500,2
9677,47.638,-122.29,1738000,4,2.25,2920,6513,2
9698,47.5969,-122.293,735000,3,2,1610,3600,2
9710,47.6088,-122.307,317500,2,1,1000,5120,1
9717,47.6098,-122.292,535000,3,2.75,2490,3600,2
9721,47.6339,-122.282,650000,2,1,1280,6000,1
9765,47.6382,-122.307,1050000,4,2.75,2250,3433,1.5
9776,47.6102,-122.299,497000,2,1,770,3325,1
9781,47.6388,-122.302,632750,4,2,1800,4800,1.5
9821,47.6419,-122.306,808000,4,2.25,2190,4104,2
9849,47.6415,-122.303,620000,2,1,1430,3000,1.5
9876,47.6348,-122.301,1100000,5,2.75,2520,4643,1.5
10010,47.5917,-122.297,305000,2,1.5,800,2142,2
10016,47.5908,-122.292,457500,3,2.25,1430,2003,2
10047,47.6122,-122.297,625000,3,1.5,1600,4128,1.5
10089,47.6103,-122.297,601000,4,3.5,2160,3600,2
10091,47.621,-122.303,462500,2,2,1690,4200,2
10131,47.6374,-122.299,1197000,4,2.5,3940,4407,2
10139,47.6103,-122.296,500000,3,2,1540,3600,1
10157,47.5955,-122.306,443000,5,1.75,1650,3000,1.5
10176,47.6132,-122.292,575000,4,2,1810,4400,2
10204,47.6025,-122.313,630000,5,1,3020,4800,2
10229,47.638,-122.288,3400000,4,4,4260,11765,2
10282,47.6394,-122.299,1350000,4,3.25,3030,5164,1.5
10310,47.6343,-122.283,850000,3,2,1540,3600,2
10333,47.6059,-122.295,510000,2,1,1270,4500,1.5
10352,47.6249,-122.298,480000,2,1,820,4200,1
10411,47.6268,-122.297,563225,3,1,2460,4000,1.5
10416,47.638,-122.317,995000,3,2.25,3200,3800,2
10434,47.621,-122.298,489000,2,2.75,1465,972,2
10438,47.6408,-122.327,615000,3,3,1420,991,2
10491,47.6169,-122.294,428000,4,2,1300,7200,1
10537,47.6033,-122.3,520000,3,1,940,3000,1.5
10659,47.604,-122.311,600000,2,2,990,5416,1
10669,47.6175,-122.298,440000,2,1.5,1120,1024,2
10687,47.5979,-122.297,360000,5,2,2120,2400,1
10691,47.6226,-122.292,463000,2,1,1150,4400,1
10727,47.6284,-122.291,675000,2,1.75,2140,5000,1
10736,47.6163,-122.294,360000,3,1,1280,3870,1
10749,47.6158,-122.291,742500,4,2.75,3100,3773,2
10755,47.64,-122.285,1565000,3,1.75,2190,8500,1
10790,47.6133,-122.287,1378600,5,3.25,3450,6360,2
10799,47.6063,-122.305,408000,3,3,1500,1473,2
10805,47.6311,-122.312,998500,3,1.75,2140,4800,2
10811,47.6336,-122.29,1225000,3,2.25,2980,7700,1
10837,47.609,-122.314,500000,2,1,930,3200,1
10867,47.6401,-122.32,690000,3,1.5,1760,4000,2
10904,47.6041,-122.31,660000,6,1.75,1840,2774,1
11002,47.6085,-122.311,640000,3,3.5,1740,1975,2
11009,47.6228,-122.319,635000,2,2.5,1390,1132,2
11025,47.6025,-122.303,549000,3,2,2330,3600,1.5
11032,47.6149,-122.293,436000,2,1,790,6600,1
11068,47.6374,-122.307,695000,3,3.75,2380,3600,1.5
11077,47.6174,-122.308,687500,3,1.5,1280,2114,1.5
11154,47.615,-122.288,920000,3,1.75,2480,4000,1
11242,47.5949,-122.308,499000,4,2.5,1970,2601,2
11244,47.6392,-122.318,615000,3,1.75,1920,4000,1
11322,47.6044,-122.299,680000,5,2,2140,5000,1.5
11323,47.6263,-122.312,1750000,6,3,3510,5760,2.5
11337,47.632,-122.29,1142000,4,3.25,2500,5801,1.5
11343,47.5909,-122.297,402000,3,1.5,1320,3145,2
11349,47.636,-122.302,625000,4,1.75,2180,4431,1.5
11358,47.6024,-122.296,625000,4,1.5,2120,5000,2
11415,47.6018,-122.299,332888,2,2.5,1050,1029,2
11441,47.5933,-122.292,1400000,4,3.25,2980,7000,2
11490,47.6181,-122.302,400000,2,2,1050,1173,2
11514,47.6341,-122.304,1850000,5,3.25,3680,6060,2
11568,47.6175,-122.301,370000,2,1,750,2020,1
11596,47.6324,-122.289,1475000,3,2.75,3910,7080,1
11619,47.6385,-122.281,1620000,3,3.5,3490,4000,2
11630,47.6412,-122.329,402000,2,1,710,1173,2
11652,47.6187,-122.295,900000,3,1.75,1540,8400,1.5
11665,47.6282,-122.322,1443920,4,3,3720,5000,2.5
11715,47.6389,-122.288,3000000,5,3.75,4590,11265,2
11718,47.6146,-122.306,739000,6,4.5,4000,7500,2
11743,47.6447,-122.327,845000,3,1.75,1600,2538,2
11744,47.6437,-122.321,1300000,4,1.75,4060,5500,2
11745,47.5976,-122.298,350000,3,2.25,1322,1796,2
11766,47.6081,-122.289,540000,3,2.25,1320,1800,2
11771,47.6235,-122.309,1260000,4,2,2970,5400,2.5
11788,47.6105,-122.309,700000,3,1.75,2010,4905,1
11870,47.6074,-122.299,575000,5,2.5,2760,4000,1.5
11920,47.6134,-122.282,1665000,4,3.75,3450,8395,2
11953,47.5929,-122.29,1462500,5,3.25,3840,4800,3
11999,47.5917,-122.296,432500,4,1.75,1500,1856,1
12042,47.6124,-122.314,518000,2,1.5,1140,1149,2
12060,47.6109,-122.285,1186040,3,1.75,2550,6117,2
12072,47.5928,-122.29,1340000,4,3.5,3190,5040,2
12174,47.5924,-122.287,1900000,6,4,3020,13237,2
12245,47.6192,-122.316,530000,2,1.75,1170,976,2
12252,47.6316,-122.303,940000,4,2.25,1890,5940,1
12253,47.5927,-122.306,375000,3,1.5,1100,1751,2
12354,47.6117,-122.301,458500,3,1.5,1280,1920,1.5
12366,47.6279,-122.315,1272500,4,1.75,2040,5000,2
12411,47.643,-122.299,1350000,4,1.75,2000,3728,1.5
12434,47.6207,-122.295,747000,3,1.75,2560,4800,1
12470,47.5958,-122.299,450000,4,2,1960,5008,1
12482,47.6168,-122.303,510000,2,1,1070,5280,1
12545,47.6036,-122.305,498000,3,2.5,1620,2640,2
12607,47.591,-122.293,536500,4,2.5,1720,3515,2
12661,47.5997,-122.312,388500,3,2.25,1350,944,2
12716,47.6349,-122.29,2300000,4,2.5,3370,8402,1
12723,47.6112,-122.293,998500,2,1,1570,4400,1.5
12765,47.6352,-122.29,2250000,3,2.5,3420,8700,1
12774,47.5972,-122.295,386500,4,1,1400,3600,1
12807,47.5923,-122.298,619000,5,3.5,2950,2932,3
12846,47.6315,-122.282,1250000,4,2.25,1830,7200,2
12874,47.6212,-122.298,600000,3,1,970,4800,1
12886,47.6208,-122.319,525000,3,1,1010,3520,1
12908,47.6029,-122.304,455000,5,2,1510,3000,2
12915,47.6232,-122.299,1010000,3,2.25,2160,7500,2
12934,47.6103,-122.3,602000,3,2.5,1640,3804,2
12946,47.6181,-122.284,2546000,4,3,4190,8805,2.5
12982,47.6265,-122.298,1125000,4,3.5,3170,4000,2
13011,47.6414,-122.327,800000,4,2,2450,4400,1
13053,47.6199,-122.3,520000,3,2.5,1480,1165,3
13116,47.6363,-122.32,690000,3,1,1580,4000,2
13120,47.6378,-122.301,785000,3,2,2090,5015,1.5
13155,47.604,-122.306,485000,4,1.75,1430,4096,2
13160,47.5949,-122.291,920000,3,2.25,3650,5353,2
13163,47.6028,-122.309,375000,2,1.5,1050,1046,2
13171,47.6272,-122.312,1328000,4,2.25,3260,4640,2
13179,47.6054,-122.314,505000,4,1.75,1940,4800,1
13227,47.6295,-122.32,1475000,3,2.5,2570,5000,2
13250,47.593,-122.289,1000000,4,3.5,2990,4200,2
13275,47.6142,-122.284,925000,4,2.75,3010,3400,2
13287,47.5994,-122.287,565000,2,1.75,1740,4736,1.5
13328,47.6259,-122.321,825000,4,1,1820,4000,2
13387,47.5905,-122.292,830000,5,3.5,2880,3750,2
13406,47.6265,-122.296,910000,5,2.5,2350,4000,2
13416,47.6003,-122.306,400000,4,1.75,1580,5340,1
13501,47.6399,-122.311,690000,3,2.75,2480,3240,1.5
13552,47.5998,-122.3,345000,2,1.5,1180,844,2
13592,47.6143,-122.305,750000,4,2.75,1750,5080,1.5
13614,47.6272,-122.297,834000,3,2.25,2550,4089,2
13620,47.6439,-122.302,1160000,5,3.25,4290,7019,2.5
13623,47.6048,-122.298,518000,4,2.5,2320,4000,1.5
13641,47.6186,-122.288,915000,3,3.25,2660,4000,2
13674,47.6275,-122.308,1400000,4,2.25,3780,5160,2
13689,47.6295,-122.285,2885000,7,3,5350,14400,2.5
13729,47.6404,-122.325,920000,5,3,2230,4400,2
13734,47.6195,-122.299,640000,3,2.5,1620,1377,2
13754,47.627,-122.304,1500000,6,2.5,3560,6480,2.5
13760,47.6235,-122.298,750000,4,3.25,2050,5000,2
13774,47.6417,-122.325,675000,3,1.75,2130,4400,1
13789,47.6498,-122.32,810000,3,1.75,2060,3300,2
13830,47.6147,-122.298,427500,3,1,1480,4200,1.5
13841,47.6379,-122.311,2225000,3,4,4200,30120,2
13862,47.6167,-122.29,689888,4,2.25,1930,3500,1.5
13875,47.5971,-122.295,441000,5,2.5,2000,3600,1
13887,47.6352,-122.284,1625000,4,3.25,2980,3600,2
13902,47.6124,-122.293,655000,4,2.25,2170,4080,2
13907,47.6295,-122.306,1225000,6,2.25,2930,4320,2
13926,47.6343,-122.282,960000,3,1.75,2460,4800,1
13947,47.603,-122.289,783500,3,2.5,2850,7130,2
13994,47.5939,-122.299,321500,1,1,730,1942,1
14020,47.6188,-122.306,600000,2,1,910,2002,1.5
14022,47.6032,-122.311,546000,2,2.25,1530,1324,2
14025,47.6061,-122.286,765000,3,2,1570,7000,2
14040,47.5933,-122.308,450000,2,2,1730,4248,2
14088,47.605,-122.3,593000,5,2.5,2640,4400,1.5
14227,47.6393,-122.317,1045000,4,2.25,2630,4000,2
14281,47.606,-122.299,592500,4,1.5,2080,4400,1.5
14297,47.6206,-122.297,525000,3,2.5,1740,2350,2
14299,47.6005,-122.296,569500,4,1,1960,3194,2
14306,47.6192,-122.319,729000,3,1,1580,3840,2
14309,47.6178,-122.284,860000,3,2,2090,4190,1.5
14327,47.6367,-122.301,721000,2,1.5,1790,4250,1
14422,47.595,-122.308,435000,3,2,980,5000,1
14423,47.6038,-122.314,560000,4,1,1360,5814,1.5
14451,47.6084,-122.304,365000,2,1,680,4800,1
14466,47.6439,-122.319,952000,3,2.5,2450,4400,2
14497,47.6229,-122.298,605000,3,2.25,1290,2500,2
14527,47.6187,-122.299,638000,3,3.25,1720,1587,2.5
14539,47.6025,-122.294,599000,7,2.5,2580,5750,1
14596,47.6285,-122.309,1425000,5,3,2840,6240,2
14610,47.6031,-122.296,432500,6,2,3080,5500,2
14666,47.6027,-122.295,905000,4,2.25,2240,5000,2
14670,47.6034,-122.289,628000,4,2,2280,6010,1
14674,47.6348,-122.281,690000,3,1.75,1600,4400,1
14696,47.6197,-122.287,683000,5,1.5,1720,4000,1.5
14761,47.6393,-122.301,600000,2,1,1290,4636,1
14794,47.6264,-122.289,2200000,4,3.75,3790,7200,2
14833,47.5981,-122.288,725000,3,1.75,1860,6000,2
14855,47.6109,-122.303,480000,4,2.25,2520,2370,2
14921,47.6355,-122.324,550000,3,2.5,1550,1092,3
14925,47.6138,-122.298,493000,3,2.75,1720,6720,1
14965,47.6316,-122.282,1046250,2,3,2330,3600,2
15037,47.6117,-122.313,546000,4,3,1790,3600,1.5
15061,47.5925,-122.295,365000,2,1.5,820,1270,2
15101,47.5915,-122.295,352900,2,1.5,1240,1892,2
15137,47.628,-122.299,1047000,4,3.5,3500,4000,2
15263,47.6325,-122.29,1715000,4,2.5,3070,7207,2
15265,47.6205,-122.3,570000,2,2,1140,690,2
15266,47.6241,-122.305,680000,8,2.75,2530,4800,2
15275,47.616,-122.282,1850000,4,3.25,2910,1880,2
15334,47.6209,-122.302,700000,4,1.75,2420,520,1.5
15362,47.6401,-122.303,855000,5,1.5,1930,4500,1.5
15418,47.6148,-122.309,540000,3,2.5,1380,1021,2
15423,47.6264,-122.283,1300000,4,3.25,2330,9687,2
15538,47.6122,-122.288,850000,2,1.5,2210,5000,1
15573,47.6118,-122.284,765000,3,1.5,1500,5111,2
15588,47.6025,-122.31,505000,3,2.5,1995,1483,3
15599,47.6341,-122.284,1280000,4,3.5,3010,3600,2
15699,47.6308,-122.287,1925000,4,3.75,3600,16101,1
15704,47.6246,-122.312,780500,5,1,1760,4264,2
15794,47.5978,-122.299,261500,3,1,1130,3600,1
15819,47.6109,-122.302,550000,3,1.75,1380,3402,1.5
15838,47.6092,-122.294,847000,5,1,2550,4623,2.5
15874,47.6349,-122.318,1600000,3,2.25,3170,5000,2
15908,47.6226,-122.319,475000,3,2.5,950,1110,2
15911,47.6038,-122.294,890000,5,1,2590,4652,2
15923,47.6408,-122.307,575000,3,1.75,2010,3800,2
15933,47.6272,-122.318,1200000,4,2.5,2390,4200,2
15986,47.5999,-122.3,352750,2,1.75,1060,1241,2
16009,47.5955,-122.294,800000,2,1,1570,5000,1.5
16041,47.6078,-122.292,619500,3,2.5,1700,4105,2
16062,47.6414,-122.329,403950,2,1,710,1136,2
16082,47.6279,-122.287,1180500,3,1.75,1610,7200,1
16100,47.6453,-122.302,1000000,3,1,1880,5450,1.5
16142,47.6189,-122.286,1350000,4,3.5,3600,5217,2
16183,47.6285,-122.303,950000,3,1.75,2150,3503,2
16184,47.627,-122.303,799500,4,2.5,2760,5750,2
16229,47.6108,-122.303,590000,3,1,1530,2370,2
16247,47.638,-122.306,1049000,3,2.25,2610,3357,2
16272,47.6285,-122.304,2140000,6,4,5110,7128,2.5
16286,47.593,-122.293,500000,4,2,1680,3813,2
16305,47.6154,-122.291,890000,4,2.75,2310,4020,3
16388,47.6193,-122.304,540000,2,1.25,1230,1569,2
16410,47.5939,-122.302,364000,2,2.25,1280,2574,2
16422,47.6029,-122.307,425000,3,1,1280,3200,1.5
16436,47.6056,-122.311,835000,6,2,3560,5120,2.5
16477,47.6236,-122.299,610000,5,2.5,3990,3839,1
16487,47.6251,-122.3,427000,4,1,1860,4736,1.5
16496,47.6127,-122.286,1225000,5,2.25,3440,5000,2
16511,47.614,-122.294,720000,3,2.5,2100,2200,2
16520,47.6065,-122.291,730000,4,1.5,2340,5000,2
16581,47.6406,-122.317,670500,4,2,1590,6750,1
16617,47.6144,-122.283,845000,4,2.5,2390,5071,2
16638,47.6074,-122.305,350000,3,2,1380,3600,3
16683,47.6102,-122.296,590000,3,2,1860,3600,1.5
16713,47.6258,-122.312,1185000,3,2.75,2500,5568,2
16770,47.631,-122.303,1970000,8,3.5,4440,6480,2
16775,47.6275,-122.305,1457000,4,1.5,2650,6900,2
16820,47.5972,-122.292,775000,3,2,2540,7200,1.5
16821,47.6288,-122.282,2250000,3,4.25,5150,7800,2.5
16832,47.6204,-122.292,669000,3,1,1560,4500,1.5
16856,47.6374,-122.304,739000,3,1.75,2050,5160,1.5
16904,47.6321,-122.306,842500,3,2.25,2560,3996,1.5
16971,47.6358,-122.322,407500,2,1,770,2971,1
16991,47.5962,-122.301,395000,3,2,1500,2506,1
17017,47.6433,-122.3,1050000,3,2,2090,4077,1.5
17044,47.6368,-122.306,605000,2,1,1550,3200,1.5
17084,47.6094,-122.31,512500,3,3,2260,2400,2
17113,47.6451,-122.319,982218,3,1.75,2340,5500,2
17172,47.6244,-122.326,625000,3,2.75,2240,3600,2.5
17177,47.637,-122.324,800000,3,3,2060,3200,2
17191,47.5926,-122.3,345000,2,1.5,830,1034,2
17232,47.617,-122.288,1325000,3,2.25,2360,5504,2
17233,47.5922,-122.297,475000,3,1.75,1340,2805,1.5
17241,47.6086,-122.294,565000,4,2,1710,3875,1.5
17251,47.6051,-122.289,969500,3,3.25,2080,3025,2
17297,47.6373,-122.3,895000,4,2,1710,4178,1.5
17319,47.6398,-122.306,886000,4,2,2660,3900,1.5
17325,47.6308,-122.302,370000,2,1,1040,4172,1
17334,47.6095,-122.296,600000,3,2.25,1480,5400,2
17335,47.5945,-122.291,570000,3,2,1640,2808,1
17349,47.6458,-122.306,700000,4,1,1470,5450,1.5
17416,47.5998,-122.312,397500,3,2.25,1350,980,2
17418,47.6162,-122.288,1190000,3,3.5,3380,3333,3
17490,47.6275,-122.315,1990000,5,3,4480,5000,2.5
17498,47.6038,-122.303,715000,3,1,1610,7680,1
17504,47.6177,-122.308,742000,3,3.25,1540,704,3
17559,47.5929,-122.303,435000,4,2,1880,3840,1
17568,47.5943,-122.302,390000,2,1,930,3100,1
17690,47.6301,-122.301,1385000,3,2.25,2930,6000,2
17717,47.6183,-122.3,581000,4,1,1630,2566,1.5
17721,47.6123,-122.314,591000,3,2,1460,3600,2
17781,47.6394,-122.308,715000,5,1.75,1920,6500,1
17799,47.5968,-122.29,881000,5,3,2510,4125,1.5
17808,47.6263,-122.284,2920000,4,4.75,4575,24085,2.5
17853,47.636,-122.301,952500,4,1.5,2550,5055,2
17856,47.6426,-122.327,1050000,3,2.5,2200,1970,2
17865,47.6222,-122.287,718500,3,1.5,1200,6240,1
17886,47.6133,-122.308,685000,2,1.5,1300,1676,1
17902,47.6401,-122.299,1062500,4,2.75,1590,6000,1.5
17915,47.6007,-122.305,380000,2,2.5,1230,987,2
17951,47.6263,-122.314,3300000,8,4,7710,11750,3.5
17959,47.6204,-122.296,529000,3,2,1530,3400,1
17984,47.5963,-122.292,1137500,4,3.5,3160,4200,2
18007,47.6192,-122.307,770000,4,3.5,3680,2242,2.5
18030,47.6199,-122.304,574000,2,2.25,1100,1114,2
18039,47.6111,-122.308,651000,3,3,2260,1834,2
18072,47.6168,-122.298,815000,4,2,1400,4800,2
18094,47.6342,-122.282,1600000,4,3.5,3890,3600,2
18097,47.6292,-122.312,1325000,4,3.25,2850,4800,2.5
18098,47.6093,-122.297,710000,4,2.75,2460,3600,2
18104,47.6118,-122.299,517000,2,1.5,1920,3408,1
18111,47.6059,-122.313,575000,1,1,1310,8667,1.5
18121,47.6019,-122.29,1388000,3,1.25,2400,6653,3
18228,47.6465,-122.319,2147500,3,3.5,4660,5500,2
18239,47.6054,-122.295,740000,3,3.5,2420,4000,2
18240,47.6059,-122.303,415000,1,1,760,3000,1
18243,47.6071,-122.285,676500,3,1.75,1300,2446,1
18391,47.6058,-122.319,350000,2,1.5,830,1077,2
18407,47.6466,-122.321,950000,5,2,2940,5500,2
18452,47.6351,-122.285,940000,4,1.5,2430,3600,2.5
18477,47.6185,-122.295,295000,2,1,650,5400,1
18533,47.6075,-122.295,774900,5,1,1750,3861,1.5
18578,47.6115,-122.287,1028950,5,3.25,2680,3011,2
18632,47.6059,-122.31,345600,5,3.5,2800,5120,2.5
18638,47.6304,-122.309,1003000,4,2.5,2230,3600,2
18642,47.6239,-122.297,699999,3,0.75,1240,4000,1
18656,47.6278,-122.292,900000,3,2.5,2320,5000,2
18728,47.6004,-122.292,675000,3,2.25,1780,4252,2
18730,47.6088,-122.294,675000,3,2,1510,3817,1.5
18731,47.5928,-122.295,546000,4,2.5,2100,1397,3
18735,47.6207,-122.297,585000,3,2.5,1740,2350,2
18940,47.6135,-122.297,525000,2,1,1510,3360,1
18958,47.6067,-122.298,415000,3,1.75,1470,4000,1
18991,47.5926,-122.299,373000,3,2,1400,2445,1
19003,47.6288,-122.3,450000,2,1,950,4560,1.5
19026,47.62,-122.3,500000,3,2.5,1480,1171,3
19028,47.6156,-122.295,812000,3,2.5,2040,4559,2
19081,47.6262,-122.323,1450000,4,3.5,2860,2199,3
19088,47.6032,-122.308,386180,2,1.5,960,1829,2
19102,47.6004,-122.299,349000,2,1.75,1250,1208,2
19118,47.62,-122.309,675000,3,3.25,1720,1330,2
19150,47.6175,-122.297,299000,2,1.5,830,1276,2
19161,47.5959,-122.298,379900,2,1.5,1240,1331,2
19170,47.626,-122.323,2250000,3,3.25,3890,3452,2
19214,47.6047,-122.305,455000,3,1.75,1320,1014,3
19233,47.6179,-122.301,730000,3,2.5,1860,1290,2
19291,47.5924,-122.299,310000,1,1.5,1120,912,3
19309,47.6073,-122.304,615000,3,2.25,1760,1146,3
19317,47.6166,-122.291,1262000,2,3,2210,3917,2
19332,47.6192,-122.297,360000,2,1,880,1165,2
19333,47.6248,-122.29,1595000,4,4.25,4645,7757,2
19362,47.6256,-122.299,950000,3,2.5,2280,2296,3
19386,47.6207,-122.301,495000,2,2.25,1160,1010,2
19393,47.6173,-122.31,685000,3,2.25,1710,1193,2
19410,47.6196,-122.297,759000,3,2.25,1640,1873,3
19431,47.6161,-122.302,555000,2,1.5,1190,1361,2
19437,47.6427,-122.327,527500,3,2.5,1380,1389,3
19442,47.644,-122.327,975000,3,2.5,1660,1344,3
19491,47.6413,-122.329,399950,2,1,710,1131,2
19504,47.6127,-122.299,547500,3,3.25,1720,1977,2
19592,47.6179,-122.318,640000,2,2.25,1540,958,3
19600,47.6396,-122.329,659000,2,1.75,1180,904,2
19610,47.6181,-122.301,515000,3,2.5,1510,1178,2
19625,47.6226,-122.313,735000,3,2.25,1490,1212,2
19634,47.6239,-122.29,1333000,4,4.5,3130,5126,3
19640,47.5999,-122.286,1050000,2,2.5,2350,2390,3
19654,47.6168,-122.314,625000,2,2.25,1390,916,2
19689,47.618,-122.311,520000,2,1.75,1340,1368,2
19692,47.6172,-122.31,665000,3,2.25,1590,929,2
19696,47.5929,-122.308,500000,3,1.75,1530,825,3
19722,47.5917,-122.295,340000,2,1.5,1160,1438,2
19739,47.6187,-122.301,359950,2,1.5,893,965,2
19750,47.6356,-122.281,1800000,4,3.5,3480,4000,2
19805,47.6206,-122.299,525000,3,2.5,1580,1161,2
19818,47.612,-122.295,405000,2,2,1405,1073,2
19819,47.5998,-122.311,356999,3,1.5,1010,1546,2
19841,47.6395,-122.329,664950,2,1.75,1180,900,2
19853,47.6018,-122.297,465000,3,2.25,1530,1245,2
19856,47.6178,-122.29,920000,4,3.25,2190,4265,2
19884,47.602,-122.308,459000,2,2,1480,804,3
19886,47.6376,-122.326,584000,3,2.5,1480,1485,2
19888,47.6369,-122.327,505000,2,2.25,1060,1209,2
19889,47.5925,-122.302,565000,2,2.5,1950,2457,3
19895,47.6006,-122.305,441000,2,1,1290,1289,2
19925,47.6114,-122.31,552500,3,1.5,1300,1435,2
19940,47.6372,-122.324,653500,2,2.5,1680,1240,2
19968,47.6206,-122.3,610000,2,2,1210,740,2
20028,47.6371,-122.327,499950,2,2.25,1060,1208,2
20029,47.5934,-122.298,502000,3,2.5,1600,3073,3
20030,47.6179,-122.312,654000,3,3.25,1530,1565,2
20048,47.6034,-122.309,530000,3,3.5,1550,1233,2
20050,47.5973,-122.298,515000,3,3,2100,2409,2
20103,47.6298,-122.321,650000,3,2.75,1540,1251,2
20116,47.6023,-122.314,411000,2,2,1130,1148,2
20122,47.6205,-122.299,699999,2,2,1460,1085,2
20123,47.6088,-122.311,749950,3,2.5,2010,2263,2
20156,47.593,-122.291,1900000,4,2.5,3070,7830,2
20179,47.5943,-122.299,325000,1,1,730,1942,1
20180,47.6264,-122.323,690000,2,2.5,1990,1756,3
20206,47.6181,-122.318,640000,2,2.25,1540,965,3
20232,47.6031,-122.309,526000,3,2.5,1626,1583,2.5
20243,47.6236,-122.318,630000,3,3.25,1610,1275,2
20247,47.6051,-122.304,490000,3,2.25,1620,1062,3
20255,47.6198,-122.289,1300000,4,2.25,2360,4000,2
20267,47.602,-122.311,549900,3,2,1280,960,2
20269,47.6022,-122.311,492000,3,2.5,1690,1479,3
20276,47.5951,-122.301,230000,3,1.5,1040,1264,2
20311,47.6076,-122.304,521500,3,2.25,1450,1619,2
20320,47.602,-122.306,450000,2,1.5,1530,1012,2
20337,47.5924,-122.295,370000,2,1,780,1133,2
20349,47.6033,-122.309,397500,3,2.5,1470,1256,2
20367,47.6271,-122.324,1080000,3,2.5,1990,1891,3
20393,47.6201,-122.309,649000,3,3.25,1720,936,2
20481,47.6434,-122.324,720000,3,1.75,1370,1990,3
20491,47.6112,-122.309,500000,2,2.5,1310,1500,2
20493,47.6126,-122.313,552100,3,3,1330,1379,2
20502,47.5914,-122.295,374000,2,1.5,1260,1575,2
20519,47.592,-122.293,620000,3,1.75,1458,858,2
20587,47.6221,-122.29,1698000,4,3.5,3950,6240,2
20597,47.616,-122.314,353000,1,1,550,1279,2
20675,47.6113,-122.314,729999,2,2.25,1630,1686,2
20702,47.6093,-122.31,375000,2,2.5,750,1430,2
20707,47.593,-122.295,400000,3,2.5,1495,936,3
20726,47.5923,-122.296,449000,2,2.5,1460,1296,2
20767,47.6021,-122.294,585000,3,2.5,1750,1381,3
20785,47.6228,-122.307,516500,1,1.25,1100,638,3
20830,47.5944,-122.299,402101,2,0.75,1020,1350,2
20831,47.5941,-122.299,325000,2,0.75,1020,1076,2