,latitude,longitude,price,minimum_nights,number_of_reviews,reviews_per_month,host_listings_count,availability_365
171,40.83232,-73.93184,40,1,219,2.04,3,353
207,40.83075,-73.93058,45,1,138,1.45,3,323
260,40.81309,-73.85514,90,2,0,0,7,349
261,40.88057,-73.83572,105,2,38,0.5,13,365
309,40.87207,-73.90193,90,30,4,0.35,2,346
433,40.89747,-73.8639,77,1,197,2.49,1,309
484,40.85811,-73.90675,37,4,117,1.21,1,232
510,40.86466,-73.85709,125,2,271,2.84,2,347
557,40.82802,-73.92039,50,3,258,2.7,2,276
610,40.83001,-73.92158,50,5,235,2.49,2,271
645,40.8679,-73.90023,42,2,108,1.36,2,302
737,40.89557,-73.8447,50,2,15,0.17,1,337
966,40.87991,-73.91673,120,2,47,1.22,1,318
1060,40.81128,-73.92399,49,1,23,0.27,1,333
1069,40.81611,-73.89909,100,5,82,0.96,1,63
1167,40.8687,-73.8524,35,7,2,0.17,1,90
1193,40.84937,-73.91328,45,3,190,2.21,2,329
1228,40.82822,-73.92439,250,3,119,1.41,1,339
1578,40.85956,-73.87067,39,2,169,2.07,4,306
1666,40.8584,-73.86969,49,2,189,2.32,4,238
1706,40.85914,-73.86979,38,1,187,2.34,4,241
1724,40.80461,-73.92276,60,3,86,1.13,2,1
1749,40.88757,-73.90522,60,1,25,0.67,1,311
1965,40.84058,-73.91382,30,2,291,3.69,1,208
2105,40.85235,-73.78873,84,3,67,0.91,1,0
2198,40.81906,-73.92806,85,2,11,0.18,2,363
2411,40.80904,-73.93037,65,2,64,0.87,1,307
2498,40.81291,-73.90772,60,2,147,2.02,1,213
2587,40.88166,-73.91103,90,3,0,0,1,353
2752,40.80011,-73.9133,60,21,19,0.28,2,178
2930,40.88296,-73.86264,50,1,19,0.83,1,311
2983,40.82138,-73.87603,45,3,53,0.82,1,249
2999,40.84367,-73.91718,43,2,11,0.16,1,338
3050,40.86317,-73.82494,75,2,32,0.46,13,363
3239,40.83645,-73.86634,195,5,1,0.02,1,0
3245,40.85258,-73.78762,120,3,84,1.26,1,16
3280,40.80844,-73.92889,140,30,16,0.24,1,365
3349,40.90804,-73.90005,53,2,143,2.13,1,263
3439,40.85667,-73.86543,80,1,1,0.02,1,0
3476,40.82347,-73.89495,65,4,26,0.85,2,7
3693,40.86467,-73.90125,75,2,11,0.2,1,365
3809,40.88579,-73.91599,250,7,2,0.04,1,338
3889,40.88437,-73.89746,32,2,6,0.16,1,83
3923,40.82528,-73.86004,50,2,32,0.51,2,156
4035,40.87605,-73.88047,70,6,40,0.73,1,313
4085,40.83012,-73.92714,41,2,12,0.35,2,0
4094,40.86646,-73.82154,80,3,2,0.03,1,365
4140,40.84192,-73.91108,40,3,46,0.72,2,292
4182,40.80091,-73.91449,71,4,18,0.37,2,45
4226,40.86705,-73.88545,55,7,10,0.16,1,365
4265,40.80554,-73.92606,120,4,89,1.54,2,0
4287,40.85711,-73.91594,44,2,135,2.13,4,70
4442,40.83288,-73.91834,50,1,21,0.36,3,188
4568,40.88075,-73.84845,95,3,58,0.96,4,358
4572,40.89603,-73.89958,75,5,35,0.67,1,300
4709,40.81444,-73.92516,75,2,85,1.41,2,253
4795,40.86677,-73.85938,49,2,114,1.87,4,240
4826,40.86689,-73.85776,47,2,75,1.27,4,172
4828,40.81055,-73.92482,55,1,231,3.95,2,16
4897,40.81049,-73.9043,79,2,11,0.19,1,0
5051,40.81954,-73.92715,105,1,3,0.14,2,365
5054,40.82603,-73.92312,87,6,11,0.28,1,0
5087,40.88855,-73.85127,50,7,12,0.55,1,0
5217,40.84611,-73.91036,40,3,59,1,1,343
5241,40.8105,-73.92507,55,1,276,4.63,2,19
5260,40.80772,-73.91791,53,1,321,5.46,1,44
5319,40.89022,-73.9039,95,14,3,0.13,1,0
5381,40.81321,-73.90259,100,3,2,0.22,2,207
5441,40.80866,-73.92069,45,5,14,0.28,1,0
5466,40.81192,-73.85334,155,1,19,0.35,7,332
5467,40.81225,-73.85349,75,2,0,0,7,349
5541,40.87786,-73.87641,50,1,108,1.84,1,261
5543,40.85696,-73.91439,47,2,122,2.15,4,71
5553,40.83331,-73.91742,90,30,1,0.04,1,358
5612,40.8806,-73.83433,75,2,37,0.73,13,364
5625,40.88009,-73.83442,68,2,41,0.74,13,365
5649,40.87184,-73.88622,51,4,109,1.88,1,212
5780,40.88399,-73.89502,110,2,0,0,1,0
5868,40.81231,-73.85535,45,1,7,0.14,7,365
5898,40.86809,-73.90201,37,2,63,1.15,2,305
6023,40.86682,-73.85812,49,2,42,0.74,4,227
6080,40.82636,-73.92655,105,30,18,0.48,1,52
6092,40.87829,-73.89337,57,3,20,0.43,1,311
6097,40.86814,-73.85874,47,2,97,1.81,4,262
6108,40.8423,-73.87055,25,30,6,0.17,4,219
6158,40.87896,-73.84978,55,28,27,0.53,4,338
6350,40.83719,-73.92015,85,1,9,0.18,1,342
6414,40.82393,-73.92414,145,5,1,0.02,1,0
6418,40.83212,-73.93054,60,1,56,1.09,3,355
6533,40.81214,-73.85371,110,1,15,0.49,7,325
6661,40.88016,-73.84923,43,28,15,0.3,4,336
6860,40.85062,-73.90251,40,14,5,0.13,1,322
6927,40.87829,-73.83471,155,2,11,0.29,13,348
6928,40.88017,-73.83484,250,1,15,1.08,13,357
6932,40.85465,-73.85669,50,1,2,0.04,1,0
7018,40.87054,-73.84681,450,2,45,0.84,4,342
7226,40.83875,-73.88728,38,3,15,0.28,3,0
7286,40.85535,-73.91388,57,2,106,2.02,4,82
7380,40.83161,-73.91958,150,4,6,0.32,1,346
7402,40.83887,-73.88805,42,2,25,0.47,3,0
7636,40.84061,-73.88858,30,3,11,0.45,3,0
7681,40.8789,-73.84855,45,14,27,0.55,4,325
7704,40.82209,-73.90086,80,1,2,0.32,1,255
7749,40.87765,-73.86318,63,5,85,2.24,1,235
7768,40.81935,-73.90772,65,5,15,0.69,2,150
7914,40.8115,-73.85607,110,2,95,1.91,1,283
8020,40.82122,-73.92773,56,2,132,2.61,3,52
8091,40.84819,-73.90648,125,2,41,0.81,2,342
8102,40.82883,-73.88854,119,4,48,0.98,1,223
8111,40.84626,-73.90473,105,2,80,1.66,2,365
8316,40.82809,-73.9159,65,4,107,2.3,1,210
8348,40.88241,-73.83422,115,1,6,0.18,13,364
8521,40.82639,-73.90363,680,1,0,0,1,0
8723,40.8198,-73.90341,99,1,0,0,1,0
8733,40.87225,-73.88748,33,7,40,0.82,1,0
8763,40.88238,-73.90689,159,3,8,0.17,2,112
9044,40.80993,-73.92613,100,2,57,1.17,2,284
9081,40.85073,-73.9128,50,3,20,0.47,2,316
9271,40.87183,-73.90371,75,1,0,0,1,0
9563,40.82873,-73.89553,120,1,142,3.1,1,345
9763,40.81335,-73.8873,40,30,15,0.32,6,333
9765,40.81395,-73.88675,40,30,21,0.44,6,343
9830,40.82381,-73.92725,110,1,1,0.02,1,0
9993,40.82417,-73.90156,95,1,182,3.82,2,0
10002,40.81229,-73.88887,40,30,19,0.4,6,287
10087,40.81387,-73.88797,37,30,13,0.28,6,333
10132,40.84423,-73.83602,59,3,113,2.42,1,290
10167,40.88001,-73.8345,62,2,5,0.12,13,320
10168,40.88211,-73.83625,45,1,1,0.37,13,318
10283,40.80247,-73.91435,90,2,152,3.25,1,299
10378,40.85205,-73.78868,107,1,73,1.73,1,173
10710,40.81476,-73.80001,325,2,44,2.23,1,153
10734,40.84328,-73.88173,79,1,3,0.16,1,179
10757,40.88301,-73.85452,65,5,17,0.4,2,123
10781,40.86789,-73.85999,63,4,40,0.87,5,0
10811,40.85362,-73.82949,150,1,0,0,1,364
10848,40.88837,-73.90939,65,1,202,4.35,1,0
10871,40.83746,-73.92268,59,4,51,1.11,2,0
10891,40.82939,-73.86514,28,2,98,2.12,3,108
11023,40.81773,-73.86164,100,2,58,1.26,1,324
11200,40.82424,-73.91316,225,1,0,0,1,0
11287,40.86711,-73.89525,65,1,0,0,1,0
11303,40.85311,-73.90861,33,2,103,2.27,2,282
11455,40.82226,-73.88906,60,3,8,0.19,1,363
11457,40.87709,-73.88228,38,1,50,1.1,4,267
11550,40.82705,-73.91337,95,2,6,0.14,1,173
11763,40.84487,-73.78954,110,2,112,2.6,1,162
11894,40.86617,-73.848,47,2,138,3.22,2,353
11950,40.81897,-73.92735,159,1,0,0,1,0
11983,40.87842,-73.9029,75,1,59,1.45,2,354
12042,40.83735,-73.85997,139,3,30,0.69,1,357
12091,40.8113,-73.92465,65,3,2,0.05,1,356
12122,40.879,-73.90062,189,1,8,0.22,2,354
12192,40.85487,-73.88711,70,7,0,0,1,0
12316,40.85753,-73.86605,85,7,9,0.25,1,364
12474,40.88165,-73.85625,34,5,17,0.4,2,313
12650,40.88422,-73.90886,85,1,0,0,1,0
12826,40.82023,-73.92844,87,1,132,3.11,2,211
12966,40.81192,-73.90949,64,3,36,0.84,1,1
13305,40.85292,-73.91683,51,2,36,0.96,1,364
13600,40.85592,-73.86743,80,7,0,0,1,0
13731,40.85598,-73.90052,35,3,2,0.06,1,0
13736,40.84721,-73.83222,37,5,10,0.25,1,0
13853,40.83953,-73.85717,88,1,121,2.9,1,170
13854,40.88808,-73.86017,85,20,10,0.24,1,277
14042,40.88777,-73.9059,70,1,1,0.03,1,0
14097,40.86553,-73.83993,35,1,67,1.81,4,11
14163,40.8506,-73.90231,109,3,62,1.51,2,58
14196,40.88214,-73.90847,99,3,1,0.07,1,311
14235,40.87223,-73.84335,95,3,206,4.98,2,144
14310,40.89694,-73.86055,90,2,199,5,2,319
14322,40.87556,-73.8584,85,2,147,3.88,1,304
14356,40.82345,-73.9033,89,1,185,4.52,3,104
14396,40.82731,-73.91632,100,2,54,1.32,1,0
14430,40.88599,-73.89868,45,6,0,0,2,0
14467,40.85324,-73.86506,40,2,83,2.08,1,276
14579,40.88058,-73.91812,79,186,7,0.18,1,365
14715,40.9008,-73.90639,49,6,2,0.05,1,340
14722,40.8787,-73.90098,35,30,7,0.49,2,155
14748,40.8183,-73.91938,150,5,58,1.45,1,37
14771,40.85139,-73.78414,95,1,227,5.65,1,16
14787,40.82442,-73.86193,45,2,6,0.15,1,0
14835,40.8199,-73.9281,110,1,0,0,1,0
14858,40.81778,-73.90858,60,2,63,1.68,4,336
14934,40.87925,-73.88254,80,1,2,0.05,1,0
15004,40.8522,-73.91014,26,3,21,0.64,2,127
15038,40.8883,-73.91665,150,2,79,1.99,1,267
15111,40.8098,-73.92149,500,10,0,0,1,358
15175,40.80903,-73.92143,125,3,142,3.59,1,185
15190,40.81928,-73.90933,60,2,47,1.22,4,249
15192,40.81725,-73.90929,55,2,31,0.81,4,280
15193,40.81911,-73.90939,60,2,77,1.96,4,171
15407,40.83648,-73.85812,59,1,120,3.11,2,336
15409,40.86323,-73.84638,450,2,81,2.07,4,342
15460,40.83703,-73.85648,75,2,63,1.8,2,150
15472,40.81384,-73.90514,85,5,4,0.31,1,0
15545,40.86947,-73.85993,104,2,33,0.85,5,86
15598,40.89118,-73.84987,99,3,68,1.78,1,2
15793,40.88871,-73.86175,40,1,151,4.01,1,338
15802,40.86412,-73.84664,75,2,92,2.45,1,265
15809,40.82575,-73.92421,175,1,0,0,1,0
15883,40.83211,-73.92052,49,1,33,0.87,1,348
15993,40.83049,-73.87354,51,3,9,0.26,2,89
16023,40.85396,-73.89872,34,1,2,0.05,1,0
16071,40.86032,-73.88493,130,1,0,0,1,365
16298,40.83458,-73.91021,57,90,11,0.31,7,68
16326,40.88493,-73.8618,67,3,205,5.39,1,140
16538,40.84268,-73.89294,68,1,0,0,1,0
16586,40.82909,-73.92249,95,5,0,0,1,0
16607,40.87938,-73.86349,500,2,19,0.56,1,345
16650,40.80884,-73.9302,139,2,28,0.8,4,131
16661,40.80872,-73.93051,49,2,59,1.59,4,148
16662,40.80952,-73.93025,41,2,57,1.54,4,146
16677,40.84559,-73.89815,41,7,22,0.61,2,68
16691,40.83166,-73.81747,89,1,192,5.15,1,303
16704,40.85927,-73.90142,40,21,23,0.61,2,266
16816,40.83041,-73.91838,75,1,0,0,1,0
16824,40.8357,-73.91023,110,90,11,0.3,7,77
16847,40.80842,-73.93136,33,2,63,1.75,4,145
16852,40.81937,-73.90978,45,2,68,1.83,1,156
16869,40.81949,-73.92913,99,1,103,2.87,1,264
16938,40.82716,-73.89911,30,1,11,0.3,1,0
16994,40.82412,-73.90266,350,7,0,0,3,14
16996,40.86048,-73.91181,120,1,0,0,1,0
17041,40.82162,-73.92698,50,2,0,0,1,0
17302,40.89984,-73.86902,85,2,43,1.19,1,299
17345,40.85859,-73.89571,65,1,9,0.25,1,0
17363,40.82296,-73.91429,42,2,2,0.06,1,0
17397,40.8355,-73.83729,71,2,118,3.24,1,34
17493,40.82948,-73.92364,82,4,0,0,2,0
17629,40.86066,-73.85414,50,1,8,0.23,1,280
17633,40.8947,-73.85601,52,3,63,1.78,1,0
17735,40.83736,-73.92318,22,3,14,0.39,1,42
17807,40.86853,-73.88301,120,10,7,0.2,1,327
17930,40.88393,-73.90639,50,2,14,0.4,2,26
18055,40.82148,-73.89122,60,1,8,0.22,1,364
18176,40.84166,-73.86818,425,5,0,0,1,363
18203,40.84277,-73.92588,76,7,40,1.15,1,34
18243,40.81998,-73.90325,75,2,110,3.18,2,350
18283,40.81587,-73.81532,175,2,28,0.92,1,36
18293,40.80779,-73.93095,110,3,7,0.2,1,42
18327,40.83796,-73.9016,38,15,8,0.23,2,24
18490,40.88444,-73.90583,80,2,2,0.06,2,220
18627,40.89581,-73.89778,59,2,7,0.21,2,0
18820,40.86932,-73.90057,30,2,56,1.68,1,38
18832,40.83112,-73.87319,49,3,25,0.73,2,0
18836,40.88985,-73.90747,85,2,16,0.47,1,0
18887,40.88207,-73.83538,299,2,2,0.18,13,358
18889,40.85499,-73.86728,43,4,10,0.3,1,88
18976,40.82974,-73.92092,159,1,0,0,1,89
18993,40.85401,-73.86594,76,7,24,0.71,1,0
19016,40.86533,-73.89713,40,3,1,0.1,1,179
19182,40.90175,-73.89761,77,2,9,0.29,2,0
19194,40.88253,-73.86951,68,1,6,0.19,1,87
19219,40.85585,-73.86486,40,5,65,1.94,2,328
19224,40.85236,-73.86632,35,1,114,3.48,1,0
19253,40.8722,-73.87607,50,3,22,0.76,1,342
19269,40.81658,-73.88889,59,14,13,0.4,4,340
19369,40.81201,-73.90823,100,2,170,5.16,1,83
19375,40.88283,-73.89326,60,3,2,0.07,1,363
19445,40.81072,-73.92349,120,2,26,0.85,1,260
19508,40.86663,-73.84139,35,1,117,4.66,4,34
19565,40.83844,-73.92489,75,4,37,1.21,1,26
19619,40.89121,-73.85131,79,3,18,0.57,1,5
19668,40.82006,-73.90332,80,2,77,2.37,2,365
19791,40.88297,-73.90727,105,3,54,1.68,2,278
19861,40.87529,-73.8762,40,1,1,0.03,1,0
19867,40.88546,-73.90526,55,1,0,0,2,64
20053,40.85018,-73.9167,55,2,0,0,1,364
20055,40.84862,-73.92412,75,1,3,0.32,1,365
20166,40.85711,-73.86474,45,5,30,0.98,2,318
20173,40.89743,-73.86983,68,2,1,0.07,2,39
20196,40.82286,-73.84765,86,2,86,2.76,1,171
20235,40.86352,-73.90503,80,30,0,0,1,365
20251,40.86914,-73.8951,79,3,73,2.79,4,69
20389,40.87372,-73.88625,60,2,3,0.1,1,364
20402,40.88467,-73.90575,30,4,11,0.35,2,0
20416,40.87583,-73.87737,125,1,0,0,1,0
20516,40.90154,-73.89791,125,7,0,0,1,89
20528,40.86605,-73.90694,47,26,3,0.16,1,37
20534,40.87093,-73.8934,58,3,84,2.74,4,75
20559,40.86909,-73.89396,55,3,74,2.42,4,84
20594,40.81841,-73.89067,45,14,18,0.68,4,332
20625,40.82388,-73.9279,60,2,53,1.8,2,169
20627,40.82415,-73.92778,50,2,63,2.06,2,110
20679,40.82441,-73.89454,50,3,61,2.17,2,22
20719,40.84012,-73.86521,40,1,1,0.03,1,0
20729,40.89279,-73.89946,135,6,8,0.32,1,250
20755,40.86084,-73.90288,110,7,0,0,2,40
20799,40.80743,-73.92971,115,5,7,0.23,1,7
20839,40.8179,-73.91456,100,6,0,0,1,365
20843,40.83248,-73.83203,46,4,43,1.65,3,135
20847,40.87692,-73.87427,130,5,0,0,1,89
20907,40.8262,-73.92557,150,4,84,2.87,1,93
20952,40.85188,-73.90321,60,90,5,0.2,7,94
21105,40.85318,-73.90204,71,90,10,0.41,7,310
21126,40.8115,-73.9258,80,7,0,0,2,0
21135,40.82987,-73.86608,60,2,105,3.61,1,131
21139,40.84906,-73.85418,73,3,14,0.61,1,138
21149,40.8562,-73.90899,43,3,36,1.26,5,365
21188,40.87035,-73.89335,79,3,86,2.88,10,78
21191,40.86925,-73.89534,60,3,101,3.43,10,83
21256,40.87924,-73.89791,84,3,114,4,4,63
21297,40.82692,-73.92183,45,5,46,1.55,1,174
21378,40.85615,-73.90077,34,3,7,0.79,1,126
21379,40.87031,-73.89322,79,3,98,3.45,10,68
21380,40.86917,-73.89465,60,3,77,2.7,10,65
21397,40.86673,-73.845,119,3,75,2.74,1,146
21407,40.86686,-73.84207,35,1,16,0.61,4,3
21463,40.84752,-73.82797,89,2,94,3.2,1,252
21538,40.83243,-73.92035,40,1,11,0.42,3,239
21642,40.83173,-73.92824,75,1,127,4.45,1,134
21733,40.84034,-73.83007,20,1,116,4.09,1,5
21809,40.85929,-73.90048,45,22,10,0.36,2,186
21836,40.81632,-73.90991,130,2,62,2.19,1,36
21875,40.87094,-73.89386,79,3,115,4.1,4,71
21949,40.88438,-73.86397,125,1,0,0,1,0
22037,40.86437,-73.83863,43,20,6,0.69,2,104
22041,40.84565,-73.91684,80,4,0,0,1,0
22158,40.8781,-73.89998,99,3,116,4.35,2,86
22173,40.86437,-73.8485,47,2,40,1.58,2,339
22194,40.86868,-73.85483,105,2,73,2.67,5,87
22198,40.8709,-73.89946,60,2,11,0.52,4,365
22216,40.84546,-73.89013,150,1,43,1.57,1,179
22270,40.81034,-73.93166,165,2,20,0.85,1,15
22276,40.81234,-73.91688,42,5,54,2.05,4,314
22277,40.81387,-73.91553,42,5,17,0.65,4,23
22281,40.88534,-73.83434,75,1,15,0.55,1,348
22290,40.82097,-73.92739,145,2,76,3.04,1,139
22310,40.85311,-73.88763,29,4,4,0.15,1,0
22348,40.81217,-73.91777,41,5,21,0.78,4,334
22390,40.88364,-73.83561,70,3,0,0,1,365
22511,40.8134,-73.89893,75,3,6,0.25,1,87
22544,40.84499,-73.91157,60,5,3,0.13,1,0
22551,40.87372,-73.84065,75,1,3,0.11,1,129
22708,40.84647,-73.89299,38,2,33,1.27,2,327
22709,40.85487,-73.91391,53,3,55,2.15,4,80
22737,40.82942,-73.87564,60,2,89,3.36,4,30
22738,40.83081,-73.87587,45,2,74,2.89,4,34
22775,40.86718,-73.86235,33,1,0,0,1,179
22784,40.84992,-73.90346,50,1,6,0.23,1,0
22859,40.83018,-73.83413,42,4,22,1.18,3,147
22860,40.83117,-73.87566,43,2,71,2.71,4,59
22881,40.84289,-73.92688,100,2,107,4.12,5,344
22889,40.81406,-73.88997,65,4,36,1.36,1,365
22898,40.85878,-73.83402,199,2,81,3.17,1,286
22912,40.8298,-73.87715,40,2,62,2.38,4,44
22942,40.84111,-73.92513,80,2,100,3.86,5,338
22987,40.83159,-73.83375,40,4,35,1.36,3,171
23011,40.91169,-73.90564,50,365,0,0,1,363
23073,40.87192,-73.84676,60,1,0,0,2,0
23082,40.84594,-73.89358,45,2,49,1.95,2,324
23094,40.87309,-73.86326,60,1,5,0.19,1,0
23118,40.88702,-73.86575,60,1,39,1.57,1,360
23136,40.87315,-73.87925,65,1,0,0,1,0
23218,40.84473,-73.91175,55,2,112,4.65,1,271
23278,40.85961,-73.86361,49,3,1,0.04,1,0
23281,40.87063,-73.84896,70,1,3,0.12,2,0
23307,40.87188,-73.842,75,4,69,2.68,2,119
23337,40.85152,-73.90374,48,90,2,0.16,7,93
23346,40.86707,-73.90712,55,5,3,0.12,2,364
23371,40.83051,-73.82511,95,1,266,10.34,1,345
23440,40.87271,-73.89972,60,3,19,0.75,1,81
23442,40.85484,-73.90646,60,1,1,0.05,1,0
23447,40.85624,-73.90946,40,3,26,1.03,5,365
23519,40.80652,-73.85312,350,3,1,0.09,1,0
23537,40.90281,-73.85201,28,1,0,0,1,0
23583,40.85168,-73.86659,100,7,0,0,1,180
23621,40.8229,-73.90295,100,3,30,1.18,1,0
23639,40.82964,-73.92882,60,3,17,0.67,2,66
23750,40.81023,-73.91926,70,1,0,0,1,87
23867,40.8329,-73.89608,60,5,4,0.16,1,175
23911,40.85771,-73.90899,40,3,31,1.26,5,362
23961,40.81227,-73.88871,37,30,5,0.37,6,329
24008,40.90391,-73.85312,120,2,34,1.42,1,77
24116,40.88249,-73.86274,50,1,85,3.43,1,328
24160,40.83855,-73.83167,85,3,1,0.08,1,0
24232,40.83625,-73.91079,127,90,4,0.19,7,250
24238,40.83083,-73.91928,62,1,8,0.67,1,175
24326,40.86729,-73.89046,75,2,13,0.57,1,364
24336,40.8774,-73.87537,29,2,1,0.04,1,0
24411,40.82153,-73.92683,140,2,2,0.08,1,0
24414,40.81133,-73.92356,100,5,13,0.58,2,14
24419,40.85152,-73.86121,39,1,57,2.38,3,39
24453,40.89785,-73.86977,70,2,2,0.11,2,0
24477,40.88671,-73.9151,2500,2,0,0,3,179
24516,40.83561,-73.91108,58,3,59,2.89,1,42
24548,40.85167,-73.92144,50,1,0,0,1,363
24567,40.85306,-73.78948,85,2,42,1.76,1,168
24570,40.84932,-73.85883,35,3,4,0.17,1,76
24609,40.81699,-73.86741,80,1,2,0.09,1,88
24621,40.87896,-73.90674,75,2,40,1.74,1,246
24676,40.85961,-73.89031,110,1,0,0,1,0
24704,40.82164,-73.90163,65,3,2,0.11,1,0
24744,40.83914,-73.78158,80,1,6,1.33,2,358
24759,40.83507,-73.9104,72,90,2,0.12,7,223
24764,40.84024,-73.85836,45,1,23,0.96,1,54
24842,40.84899,-73.90375,250,2,45,2.18,1,289
24924,40.83805,-73.85867,26,1,18,0.78,2,342
24960,40.83384,-73.8863,65,2,91,3.82,4,325
24983,40.85145,-73.86129,29,1,53,2.65,3,137
25115,40.81005,-73.91977,40,1,73,3.16,4,51
25121,40.83336,-73.88636,75,2,71,3,4,358
25149,40.85527,-73.86719,35,1,21,0.96,1,284
25188,40.83758,-73.84382,72,2,35,1.52,2,129
25203,40.88032,-73.85877,45,3,33,1.47,4,325
25303,40.85634,-73.86633,45,2,21,0.91,1,280
25308,40.90734,-73.90137,119,3,0,0,1,0
25395,40.82406,-73.8934,155,3,13,0.61,1,285
25405,40.88667,-73.91494,600,2,0,0,3,269
25422,40.88515,-73.91411,800,2,1,0.04,3,269
25433,40.83296,-73.88668,0,2,55,2.56,4,127
25470,40.8372,-73.84345,70,2,67,2.99,2,129
25488,40.83243,-73.88608,55,2,60,2.59,4,171
25536,40.88304,-73.88278,58,5,1,0.04,1,0
25540,40.83556,-73.91098,70,4,42,1.85,2,77
25556,40.88165,-73.90633,100,2,46,2,1,10
25580,40.81941,-73.92762,69,2,98,4.57,2,193
25654,40.85031,-73.90102,105,1,23,1.02,3,6
25681,40.88883,-73.90046,175,1,10,0.54,1,0
25704,40.85217,-73.90239,100,2,2,1.05,3,26
25705,40.89756,-73.85639,50,1,130,5.76,4,148
25725,40.83206,-73.91969,60,1,2,0.09,1,0
25828,40.88698,-73.86049,35,2,16,1.55,3,156
25880,40.83121,-73.8483,450,2,1,0.06,2,342
25882,40.84711,-73.83039,80,2,66,3.04,1,56
25895,40.82627,-73.90803,65,2,0,0,1,0
25899,40.85657,-73.90915,55,1,2,0.11,1,0
25914,40.84964,-73.78717,50,2,45,2.04,1,118
26025,40.84101,-73.92626,62,2,75,3.34,5,351
26026,40.89811,-73.85543,55,1,156,7,4,318
26031,40.84184,-73.92535,42,2,92,4.11,5,311
26032,40.84103,-73.92701,42,2,62,2.76,5,1
26044,40.89685,-73.85382,55,1,0,0,1,0
26073,40.81645,-73.86355,40,3,10,0.46,2,156
26075,40.83257,-73.91245,45,1,0,0,1,0
26102,40.85751,-73.90805,45,3,12,0.54,5,365
26122,40.835,-73.91114,60,4,30,1.38,2,179
26123,40.83497,-73.9189,35,7,32,1.68,1,50
26146,40.90356,-73.84172,59,1,11,0.5,1,35
26161,40.82638,-73.92225,55,1,46,2.16,1,46
26225,40.86144,-73.86427,79,2,95,4.46,1,225
26290,40.85362,-73.8896,140,2,71,3.45,1,291
26359,40.82453,-73.92563,60,1,16,0.74,1,0
26362,40.81553,-73.92453,120,2,0,0,1,0
26370,40.84038,-73.85662,65,3,12,0.55,1,0
26399,40.88192,-73.86186,60,1,70,3.55,1,283
26438,40.87759,-73.88459,42,2,6,0.27,1,62
26441,40.85444,-73.88462,30,3,5,0.23,2,361
26495,40.86506,-73.84295,40,2,37,1.81,1,35
26526,40.80762,-73.92454,115,2,100,4.76,1,130
26542,40.86924,-73.90651,40,30,4,0.19,2,148
26547,40.83408,-73.87419,28,3,27,1.32,2,214
26587,40.83439,-73.8585,300,2,9,0.47,1,0
26605,40.83555,-73.8757,25,3,38,1.82,2,119
26765,40.85632,-73.88631,35,3,7,0.38,2,357
26801,40.8459,-73.91558,77,2,36,1.81,1,5
26911,40.85579,-73.88512,29,3,9,0.43,2,322
26916,40.87666,-73.90034,149,3,37,1.9,1,146
26963,40.82706,-73.91779,80,1,0,0,1,88
26980,40.85456,-73.88521,29,4,5,0.25,2,360
26987,40.82407,-73.8614,49,2,25,1.32,2,184
27037,40.8568,-73.9149,175,2,68,3.34,1,89
27052,40.81728,-73.86343,40,3,5,0.46,2,365
27055,40.87847,-73.90268,80,3,1,0.05,1,0
27066,40.80889,-73.92028,125,3,32,1.59,1,6
27179,40.82276,-73.92682,114,2,79,3.88,1,283
27196,40.82251,-73.91125,60,3,0,0,1,90
27238,40.82995,-73.90342,50,1,0,0,1,0
27270,40.82245,-73.90875,110,2,19,0.97,1,0
27384,40.89215,-73.83351,75,3,50,3.02,1,148
27399,40.83079,-73.8815,50,2,10,0.79,2,283
27404,40.8118,-73.92263,54,1,9,0.46,1,0
27622,40.88302,-73.90899,70,1,8,0.43,1,0
27675,40.88688,-73.84789,70,2,5,1.16,1,365
27723,40.81039,-73.92478,73,1,1,0.08,1,0
27749,40.84607,-73.83842,99,7,1,0.06,2,349
27782,40.83067,-73.88024,35,1,14,0.7,2,1
27819,40.86264,-73.84854,62,2,61,3.22,1,68
27879,40.85973,-73.86699,70,2,7,0.36,1,0
28030,40.86706,-73.84674,40,2,17,1.23,1,17
28168,40.82739,-73.88176,50,1,0,0,2,0
28172,40.8739,-73.90364,69,1,31,1.7,2,365
28179,40.80024,-73.91422,49,3,59,3.08,1,0
28368,40.82668,-73.8822,50,1,2,0.1,2,0
28375,40.84572,-73.91023,39,1,33,1.93,1,8
28398,40.82496,-73.91389,45,2,54,2.94,2,313
28480,40.84279,-73.86527,100,2,98,5.1,1,89
28481,40.88447,-73.90157,55,1,14,0.76,2,127
28487,40.87491,-73.87575,87,2,1,0.05,1,0
28558,40.85828,-73.88559,30,1,3,0.16,1,0
28593,40.81037,-73.91946,65,2,47,2.52,1,0
28658,40.8785,-73.86347,200,1,90,4.76,3,326
28799,40.83314,-73.91708,38,2,0,0,1,0
28849,40.86674,-73.89284,30,2,2,0.11,2,90
28870,40.80726,-73.92999,50,2,4,0.21,1,0
28963,40.87504,-73.88476,200,3,0,0,1,83
29027,40.82441,-73.90361,125,1,25,1.34,2,0
29133,40.87446,-73.87453,187,3,4,0.22,1,76
29158,40.83373,-73.91147,140,1,106,5.7,1,310
29178,40.823,-73.90859,60,1,104,5.61,1,365
29269,40.85702,-73.83697,300,1,0,0,1,0
29328,40.80986,-73.9214,140,2,57,3.58,1,73
29346,40.87396,-73.87785,26,30,24,1.39,1,303
29388,40.86665,-73.8954,80,3,26,1.68,1,15
29395,40.85419,-73.89827,40,2,15,0.83,1,220
29406,40.88435,-73.90305,145,2,14,0.77,1,332
29512,40.81943,-73.90224,80,2,9,0.65,1,0
29584,40.81961,-73.90019,40,5,45,2.51,1,266
29591,40.81978,-73.88743,45,2,0,0,1,0
29655,40.80906,-73.92031,150,1,9,0.72,1,168
29682,40.88007,-73.87326,50,5,4,0.26,2,324
29730,40.86664,-73.89844,70,1,26,5.23,1,0
29900,40.85407,-73.83264,69,3,69,4.21,1,21
29914,40.84934,-73.83345,119,3,28,1.68,1,351
29928,40.85929,-73.84229,60,3,41,2.44,1,23
30002,40.87906,-73.85987,35,3,0,0,4,0
30003,40.88049,-73.8613,41,3,1,0.06,4,0
30005,40.8805,-73.86178,45,1,1,0.06,4,0
30008,40.8987,-73.86389,29,1,81,4.93,4,192
30027,40.8273,-73.88906,37,1,7,0.41,2,0
30030,40.84882,-73.90263,80,3,20,1.18,2,36
30035,40.85662,-73.89797,65,2,5,0.3,1,0
30055,40.86578,-73.86534,250,2,22,1.44,5,361
30073,40.84718,-73.91378,20,1,9,0.53,1,0
30131,40.83168,-73.91977,47,5,33,1.96,1,176
30147,40.8315,-73.92047,54,1,16,0.99,1,69
30175,40.86918,-73.8905,34,1,2,0.12,2,5
30201,40.85655,-73.90377,73,2,31,1.83,2,39
30362,40.843,-73.84806,65,2,2,0.13,2,135
30404,40.83452,-73.93143,80,2,32,2.07,3,17
30406,40.83593,-73.93004,80,2,29,1.81,3,17
30438,40.87993,-73.87195,50,3,18,1.16,2,326
30488,40.87021,-73.86095,85,2,83,5.19,1,329
30512,40.86737,-73.89415,47,3,14,0.89,1,197
30517,40.83604,-73.93099,240,1,22,1.4,3,1
30579,40.89873,-73.86449,34,1,122,8.24,4,5
30602,40.88316,-73.91151,360,2,8,0.51,1,71
30607,40.88455,-73.86587,26,1,10,0.67,1,312
30647,40.82434,-73.91377,40,2,80,5.01,2,291
30679,40.83086,-73.92025,57,1,6,0.42,3,220
30708,40.89691,-73.85121,69,21,11,0.75,4,343
30709,40.83218,-73.91951,47,5,61,3.8,1,130
30819,40.87257,-73.9009,65,1,2,0.21,4,364
30820,40.87287,-73.90157,65,2,0,0,4,365
30847,40.85989,-73.91189,60,2,7,0.46,2,156
30880,40.84857,-73.85976,190,1,19,1.47,3,8
30921,40.82434,-73.88705,44,20,0,0,2,0
31014,40.80863,-73.92121,50,1,33,2.14,4,75
31048,40.88004,-73.9,79,3,45,3,4,59
31069,40.86615,-73.84185,35,1,6,0.4,4,0
31076,40.81952,-73.92844,95,2,37,2.89,1,193
31085,40.86286,-73.9024,35,2,24,1.56,2,365
31103,40.83252,-73.89811,40,1,0,0,1,83
31203,40.84197,-73.91292,25,2,2,0.14,1,0
31279,40.83216,-73.91598,70,3,3,0.4,1,178
31297,40.87997,-73.90035,65,3,54,3.69,4,64
31298,40.88068,-73.90012,79,3,55,3.68,4,63
31314,40.89641,-73.85077,88,5,8,0.61,4,322
31413,40.83139,-73.90166,23,2,18,1.25,1,36
31483,40.84367,-73.84911,65,2,11,1.11,2,158
31573,40.81011,-73.92166,125,3,62,4.34,1,253
31581,40.88634,-73.83431,75,3,19,1.55,3,166
31658,40.81862,-73.8791,40,1,26,1.82,1,141
31665,40.87816,-73.87213,125,3,20,1.4,1,281
31676,40.88764,-73.8558,100,2,38,2.66,1,107
31717,40.84059,-73.92156,150,1,4,0.28,1,0
31769,40.88764,-73.90449,50,1,28,2.47,1,73
31784,40.82601,-73.81907,50,3,19,1.36,4,8
31800,40.81437,-73.82774,74,2,37,2.63,4,70
31813,40.86778,-73.85491,45,1,38,2.7,1,85
31837,40.82696,-73.81927,40,4,34,2.54,4,37
31888,40.83088,-73.92779,103,2,40,2.84,1,248
32010,40.83413,-73.92918,50,3,23,1.64,1,188
32021,40.8801,-73.89709,46,1,68,4.89,1,63
32022,40.83688,-73.85584,80,2,6,0.44,1,0
32056,40.88485,-73.89756,399,2,25,1.79,1,356
32105,40.83022,-73.83286,90,2,1,0.11,1,35
32250,40.82617,-73.82073,74,3,23,1.77,4,58
32278,40.86681,-73.84073,86,2,41,3.18,1,111
32315,40.87579,-73.86532,33,3,1,0.09,1,365
32331,40.85519,-73.82932,195,2,2,0.19,3,313
32348,40.86273,-73.83715,80,2,70,5.34,1,142
32359,40.87901,-73.90155,45,30,1,0.09,2,193
32396,40.89124,-73.83423,149,2,59,4.33,1,328
32437,40.8156,-73.90075,60,1,9,0.76,2,257
32498,40.81668,-73.89988,35,1,38,2.82,2,75
32499,40.90329,-73.89991,105,2,27,2.13,1,328
32505,40.83464,-73.92505,70,2,2,0.17,1,348
32510,40.8901,-73.84031,125,1,11,0.88,1,189
32554,40.85548,-73.85585,125,1,76,6.02,1,72
32618,40.82936,-73.90867,150,1,26,3.15,1,175
32619,40.87077,-73.8817,33,2,8,0.71,1,6
32781,40.84787,-73.86177,107,1,47,3.63,3,8
32784,40.84778,-73.86146,150,1,29,2.23,3,24
32797,40.84346,-73.91151,35,1,49,3.84,1,168
32853,40.82257,-73.83773,100,2,23,1.84,1,89
32878,40.85801,-73.88247,21,1,9,0.7,2,0
32886,40.8084,-73.92037,115,2,36,3.12,1,114
32955,40.88058,-73.90552,85,2,13,1.05,1,0
32972,40.88723,-73.86351,45,1,4,0.31,1,365
32977,40.86259,-73.90359,65,1,2,0.19,2,0
33058,40.86113,-73.91511,100,5,1,0.08,1,11
33096,40.85104,-73.78573,110,2,25,2.18,1,171
33125,40.82848,-73.85466,85,2,68,5.37,1,247
33126,40.83193,-73.92223,40,1,29,2.47,2,360
33128,40.89374,-73.85579,60,2,10,0.85,1,365
33139,40.82753,-73.92463,200,1,0,0,2,365
33141,40.82714,-73.92528,200,1,0,0,2,179
33183,40.85609,-73.88391,30,1,9,0.71,2,0
33250,40.8616,-73.86227,142,2,31,2.5,5,312
33304,40.85456,-73.86921,79,2,36,3.33,1,10
33321,40.84879,-73.78987,125,2,23,1.89,1,155
33486,40.86255,-73.90669,80,3,52,4.79,2,0
33515,40.81309,-73.85367,70,1,3,0.47,7,360
33519,40.81225,-73.85502,80,1,4,1.48,7,365
33550,40.85978,-73.8619,142,1,29,2.47,5,48
33553,40.86017,-73.86198,142,1,36,3.5,5,57
33563,40.86239,-73.84362,99,1,67,6.07,1,337
33567,40.86014,-73.86301,142,1,30,2.56,5,48
33569,40.86013,-73.86339,142,1,30,2.56,5,57
33583,40.84835,-73.9141,149,1,1,0.09,1,0
33620,40.84171,-73.91159,150,1,0,0,1,363
33641,40.83791,-73.85845,26,1,14,1.24,2,311
33643,40.81639,-73.81954,60,1,13,1.09,1,35
33651,40.86153,-73.83656,102,1,50,4.19,1,349
33740,40.86659,-73.866,34,2,0,0,1,0
33771,40.8612,-73.91065,150,1,6,0.53,1,191
33790,40.89245,-73.83721,42,1,32,2.74,1,32
33829,40.82823,-73.90114,150,2,0,0,1,0
33849,40.81518,-73.84758,62,3,32,2.79,1,42
33918,40.83224,-73.92068,38,5,6,0.52,1,188
33957,40.83285,-73.92158,45,1,43,3.66,1,205
34033,40.83201,-73.89996,140,2,3,0.27,1,27
34074,40.8212,-73.92859,80,3,40,3.79,2,280
34092,40.85322,-73.85144,75,5,6,0.55,5,29
34158,40.8859,-73.83517,95,3,5,0.66,3,311
34209,40.82855,-73.91856,47,1,9,0.82,2,332
34287,40.82445,-73.90341,90,2,1,0.09,3,0
34320,40.89382,-73.84844,75,30,7,0.69,2,188
34381,40.81192,-73.91781,132,1,44,3.91,1,103
34420,40.88878,-73.86349,60,1,1,0.17,1,269
34446,40.83454,-73.92751,10,1,0,0,1,180
34458,40.81822,-73.90812,35,5,8,0.77,2,179
34470,40.87015,-73.85582,75,4,35,3.13,1,169
34499,40.86299,-73.89088,75,2,14,1.26,1,210
34561,40.81872,-73.90014,75,7,0,0,1,0
34709,40.88017,-73.83574,475,2,0,0,13,359
34731,40.83658,-73.86181,55,1,32,2.96,1,333
34747,40.88445,-73.89663,50,1,1,0.21,1,61
34866,40.82972,-73.84957,60,1,0,0,1,268
34891,40.863,-73.90661,80,3,24,2.91,2,72
34905,40.82248,-73.89915,50,1,13,1.26,1,280
34942,40.8358,-73.85833,65,2,4,0.39,2,0
34954,40.88354,-73.89061,85,3,0,0,1,89
34969,40.87886,-73.84301,69,3,9,0.87,2,311
35011,40.8773,-73.84329,53,3,12,1.2,2,356
35017,40.8546,-73.86785,50,1,24,2.24,1,163
35034,40.83581,-73.85864,65,2,3,0.29,2,0
35075,40.83148,-73.82931,65,1,23,2.18,5,365
35085,40.82952,-73.82818,140,1,31,3.01,5,365
35118,40.87633,-73.88328,45,1,18,1.93,1,153
35119,40.84633,-73.83029,80,2,28,2.69,1,78
35193,40.88563,-73.85975,50,2,40,3.77,1,0
35198,40.87135,-73.85736,145,2,5,0.48,5,0
35241,40.83729,-73.83323,69,1,2,0.19,5,330
35356,40.88271,-73.83217,50,1,0,0,1,88
35383,40.87675,-73.86372,280,2,32,3.09,3,344
35402,40.80769,-73.91617,130,1,38,3.68,1,349
35406,40.83703,-73.91643,40,2,32,3.08,2,132
35423,40.80644,-73.8518,48,2,33,3.21,1,47
35434,40.8106,-73.91667,68,1,16,1.55,1,347
35497,40.83659,-73.91777,40,1,1,0.11,2,8
35531,40.85409,-73.85032,50,5,8,0.87,5,22
35532,40.85361,-73.85018,85,5,5,0.49,5,365
35540,40.85287,-73.88536,100,3,36,3.69,2,49
35581,40.82145,-73.92856,102,2,24,2.76,2,288
35609,40.81161,-73.90513,35,1,24,2.38,1,150
35635,40.8102,-73.93147,28,1,18,1.93,7,60
35653,40.84184,-73.84967,28,1,26,2.65,2,123
35694,40.80952,-73.93005,28,1,17,1.79,7,83
35697,40.80994,-73.93061,28,1,29,3.09,7,89
35699,40.80977,-73.93038,28,1,16,1.7,7,0
35724,40.81072,-73.92031,55,1,32,3.31,4,76
35761,40.85536,-73.90242,55,1,3,0.31,1,83
35821,40.88688,-73.85848,37,1,14,1.42,3,332
35856,40.82228,-73.92783,45,1,28,3.07,1,161
35861,40.83088,-73.86492,42,2,23,2.54,3,109
35864,40.85267,-73.88627,50,2,51,5.17,1,325
35892,40.81232,-73.90299,100,3,0,0,2,364
35894,40.83739,-73.91118,26,1,20,2.07,1,3
35913,40.83988,-73.86978,300,1,0,0,1,365
35962,40.85362,-73.85011,65,5,0,0,5,365
35964,40.85105,-73.86049,60,2,20,2.29,3,208
36002,40.82718,-73.90241,90,2,58,6.8,1,301
36013,40.8289,-73.86219,87,1,54,5.61,1,326
36046,40.8878,-73.85372,47,2,13,1.62,1,347
36103,40.89399,-73.84279,65,1,52,5.4,3,363
36181,40.83413,-73.91669,35,1,15,3.88,1,70
36225,40.85661,-73.85281,40,1,2,0.23,1,88
36246,40.88805,-73.83248,90,15,0,0,1,89
36260,40.83285,-73.8879,60,1,22,2.4,1,279
36288,40.85324,-73.92143,240,1,0,0,1,363
36294,40.81377,-73.88933,40,30,3,0.36,6,321
36333,40.8546,-73.83026,299,2,1,0.58,3,1
36334,40.85413,-73.83065,125,2,7,0.99,3,301
36346,40.86777,-73.88397,90,1,2,0.22,1,362
36387,40.84802,-73.78963,84,2,31,3.38,1,166
36392,40.87704,-73.86276,80,30,0,0,1,0
36413,40.89502,-73.85071,75,7,3,0.63,4,242
36425,40.80861,-73.93015,100,1,25,2.81,1,39
36436,40.84084,-73.92178,48,2,0,0,1,0
36458,40.84605,-73.8493,39,5,0,0,2,0
36470,40.85336,-73.88549,65,3,26,2.83,2,46
36510,40.81322,-73.91696,42,5,7,1.08,4,321
36514,40.87072,-73.89974,65,2,0,0,4,364
36521,40.83144,-73.86639,38,2,11,1.29,3,188
36524,40.81017,-73.92266,79,2,2,0.23,1,88
36529,40.80958,-73.91895,120,1,29,3.15,4,312
36535,40.81102,-73.92778,81,4,5,0.62,1,0
36578,40.88453,-73.86273,80,2,20,2.2,1,188
36603,40.89385,-73.8448,80,3,6,0.71,1,0
36614,40.85791,-73.89528,39,2,24,2.73,1,211
36620,40.85765,-73.90351,48,2,18,2,2,34
36695,40.82132,-73.92884,100,3,24,3.44,2,187
36740,40.87448,-73.87412,200,1,13,6.61,1,0
36851,40.81819,-73.88653,150,2,5,0.57,1,0
36901,40.85449,-73.88437,100,1,3,1.84,1,319
36919,40.80504,-73.85327,300,1,1,0.11,1,364
36920,40.82598,-73.85203,90,7,0,0,1,180
36969,40.89753,-73.87359,50,1,6,0.71,1,0
36983,40.83007,-73.92251,45,3,19,2.27,1,67
37202,40.83217,-73.93148,45,5,15,2.1,1,123
37279,40.87831,-73.86511,350,2,3,0.41,3,323
37352,40.82773,-73.92308,100,1,2,0.26,1,177
37385,40.86923,-73.86275,90,5,1,0.16,1,157
37453,40.885,-73.83518,75,3,1,0.13,3,311
37463,40.81177,-73.92726,60,1,29,3.54,2,304
37562,40.8114,-73.92747,60,1,48,6.96,2,296
37564,40.86116,-73.86248,55,3,26,3.36,1,349
37567,40.81,-73.92654,65,1,35,4.32,1,295
37658,40.89429,-73.84392,49,1,26,3.21,3,363
37661,40.894,-73.84362,130,1,11,1.45,3,363
37681,40.88071,-73.92074,60,3,8,1.11,1,326
37705,40.85504,-73.88394,24,1,4,0.52,1,0
37742,40.83213,-73.90736,50,6,0,0,1,179
37746,40.83872,-73.87149,45,7,0,0,1,280
37802,40.81167,-73.92729,55,1,38,4.75,2,301
37856,40.87,-73.90129,39,4,33,4.36,1,86
37877,40.84391,-73.83171,99,2,8,1.05,1,360
37880,40.8689,-73.88552,98,2,30,4.46,1,327
37922,40.87064,-73.8797,60,1,9,1.19,2,310
37988,40.86279,-73.83947,87,2,26,3.42,1,7
38118,40.88511,-73.90831,175,3,5,0.77,1,0
38160,40.86975,-73.84669,75,1,7,0.93,1,1
38169,40.89466,-73.89735,50,1,8,1.26,2,241
38194,40.83499,-73.91003,75,3,19,2.59,1,109
38239,40.83488,-73.91988,45,2,3,0.57,1,0
38241,40.80747,-73.92766,145,1,7,1.12,1,360
38378,40.86757,-73.8649,60,2,1,0.16,1,363
38380,40.85056,-73.78829,65,3,2,0.27,1,89
38433,40.84378,-73.84469,670,1,2,0.34,1,178
38538,40.87821,-73.86354,85,30,0,0,1,365
38563,40.88229,-73.84295,80,1,0,0,1,365
38576,40.87684,-73.86389,120,2,13,1.83,2,97
38593,40.86698,-73.85178,35,2,21,3.35,1,252
38963,40.83513,-73.91797,99,1,2,0.32,1,90
39095,40.82674,-73.91935,85,3,1,0.38,1,341
39107,40.85398,-73.86451,25,2,1,0.14,1,0
39256,40.84289,-73.88773,40,2,17,2.7,1,107
39270,40.82507,-73.8204,45,3,0,0,1,36
39381,40.85055,-73.90189,69,2,25,3.66,1,92
39614,40.81518,-73.82708,99,1,1,0.16,1,318
39624,40.83311,-73.9116,34,2,2,0.29,1,0
39757,40.84145,-73.91027,150,3,29,4.7,1,109
39800,40.81389,-73.88914,70,2,1,0.16,1,342
39805,40.84047,-73.87127,20,14,1,0.48,4,139
39808,40.87701,-73.86282,200,1,34,5.13,3,347
39810,40.85222,-73.89277,299,1,10,1.52,3,322
39856,40.86437,-73.86047,80,3,4,0.6,1,155
39894,40.88796,-73.90473,49,1,3,0.45,1,0
39914,40.83942,-73.87518,165,2,4,0.63,1,310
39926,40.84119,-73.87049,20,10,2,0.32,4,114
39962,40.84087,-73.8699,20,10,3,0.68,4,25
39996,40.85214,-73.90294,100,2,12,2.98,3,20
40034,40.83026,-73.89102,200,1,26,4.06,3,80
40110,40.8296,-73.88971,125,1,9,1.46,3,80
40135,40.81331,-73.92765,60,1,30,6.38,2,333
40175,40.81185,-73.91625,100,1,0,0,1,173
40178,40.85746,-73.79056,175,2,14,2.66,1,79
40223,40.81712,-73.9209,100,1,3,1.05,1,150
40231,40.84613,-73.91668,42,2,18,3.02,1,6
40245,40.82306,-73.90821,75,1,50,8.11,1,359
40268,40.88179,-73.83455,75,2,1,0.37,13,365
40284,40.86723,-73.84285,67,7,2,0.38,1,172
40315,40.8094,-73.93173,28,1,17,2.77,7,319
40362,40.83025,-73.89134,70,1,1,0.19,3,81
40390,40.8476,-73.90594,50,1,0,0,1,0
40402,40.82433,-73.91619,80,5,12,2.26,1,91
40406,40.83651,-73.92269,74,2,19,3.85,1,183
40489,40.85387,-73.89384,247,2,15,3.17,3,322
40502,40.8461,-73.90883,30,2,14,3.28,1,176
40537,40.84487,-73.90811,80,2,1,0.18,1,156
40620,40.81624,-73.9011,50,2,0,0,1,0
40636,40.85589,-73.85825,85,5,5,0.85,5,343
40666,40.80797,-73.92865,95,3,5,0.96,1,49
40694,40.88449,-73.86227,25,30,0,0,1,85
40713,40.84555,-73.86787,50,1,19,4.35,1,32
40714,40.82421,-73.917,99,2,11,1.94,1,107
40722,40.86906,-73.88753,200,2,1,1,1,32
40760,40.82121,-73.87764,65,7,0,0,1,90
40781,40.88009,-73.83456,68,2,0,0,13,364
40785,40.84381,-73.90827,80,2,0,0,1,321
40859,40.85929,-73.89165,99,2,1,0.25,2,0
40865,40.81132,-73.92037,115,3,19,3.41,1,228
40956,40.86643,-73.88895,65,2,7,1.28,3,110
40991,40.86566,-73.88748,65,2,6,1.18,3,77
41022,40.82688,-73.81899,40,3,11,2.06,1,0
41033,40.89682,-73.84318,41,1,0,0,1,163
41069,40.89702,-73.85723,289,2,14,2.96,2,356
41088,40.85646,-73.86813,50,1,14,2.96,1,206
41220,40.83108,-73.82951,50,1,11,2.41,5,365
41245,40.87905,-73.85243,76,2,14,2.98,2,300
41268,40.85538,-73.91081,40,1,0,0,1,0
41281,40.88344,-73.90301,45,1,14,2.86,1,347
41298,40.84994,-73.9066,148,3,7,1.74,1,358
41348,40.81098,-73.91814,65,2,15,3.26,1,51
41349,40.8154,-73.81551,75,3,0,0,1,90
41359,40.89156,-73.84197,65,1,0,0,1,89
41369,40.88316,-73.90586,30,4,8,1.76,2,0
41399,40.80707,-73.92974,200,5,1,0.67,1,0
41503,40.8474,-73.89612,50,1,7,1.54,1,158
41507,40.83099,-73.86951,35,2,10,2.1,1,6
41602,40.88805,-73.86451,65,1,0,0,1,0
41630,40.88474,-73.90321,27,30,0,0,37,0
41632,40.82671,-73.90643,159,2,7,2.26,1,118
41672,40.81694,-73.89627,60,1,8,1.97,1,308
41675,40.8149,-73.81545,125,3,1,1,1,365
41681,40.81894,-73.91418,49,2,2,2,1,0
41691,40.82095,-73.89522,100,2,0,0,1,179
41699,40.89308,-73.85076,41,7,2,0.58,1,357
41729,40.83619,-73.84916,52,4,1,0.22,1,0
41739,40.896,-73.89964,64,1,11,3.47,2,358
41769,40.84321,-73.83129,100,2,22,4.93,1,3
41938,40.82236,-73.90227,75,2,0,0,1,361
41945,40.80924,-73.85107,95,2,27,8.62,1,153
41958,40.85505,-73.89238,40,2,28,6.72,1,84
41978,40.81496,-73.92088,60,1,1,0.33,1,90
42000,40.83485,-73.85954,93,5,1,0.23,1,306
42115,40.88999,-73.86008,75,2,11,3.17,1,54
42127,40.84077,-73.8487,50,3,6,1.62,2,27
42219,40.87498,-73.85644,39,3,6,1.57,1,49
42225,40.83988,-73.78287,95,1,6,1.65,2,359
42237,40.8694,-73.84171,101,2,11,3.4,1,46
42240,40.84355,-73.91103,55,1,8,2.67,1,358
42242,40.85912,-73.89254,59,3,0,0,2,0
42249,40.83757,-73.8353,62,1,14,6.36,5,229
42250,40.83647,-73.83491,65,2,5,1.9,5,183
42252,40.8356,-73.83369,150,1,24,8.37,5,247
42265,40.88542,-73.86169,140,2,3,0.97,1,365
42274,40.89981,-73.86684,80,2,7,1.84,1,70
42284,40.89393,-73.8581,50,2,14,3.59,2,132
42286,40.89604,-73.85877,50,2,20,4.96,2,117
42346,40.81058,-73.9069,80,5,0,0,1,179
42391,40.80981,-73.92031,39,1,9,3.38,1,176
42395,40.82398,-73.90894,77,1,0,0,4,90
42396,40.82575,-73.90993,80,1,0,0,4,365
42400,40.82913,-73.92236,50,1,7,1.84,1,265
42424,40.82661,-73.8571,100,2,16,4.32,2,161
42430,40.80643,-73.92783,110,14,0,0,1,88
42443,40.8267,-73.85704,100,2,18,4.78,2,145
42445,40.81731,-73.89052,35,21,0,0,4,341
42486,40.81724,-73.88878,60,3,2,0.68,4,335
42491,40.8637,-73.89236,107,1,22,6.8,1,339
42504,40.88298,-73.8987,90,3,5,1.38,1,321
42520,40.84615,-73.91546,35,1,25,7.08,1,241
42651,40.8477,-73.90988,24,2,2,0.68,1,0
42661,40.89768,-73.87363,35,2,18,5.35,1,51
42695,40.8265,-73.87045,103,2,19,5.7,1,75
42735,40.84342,-73.83929,125,1,15,5.77,1,336
42760,40.90484,-73.84489,120,1,1,0.32,1,268
42775,40.84672,-73.90411,63,1,3,0.94,1,167
42782,40.89637,-73.8555,39,1,10,2.73,1,15
42784,40.8704,-73.90559,100,5,0,0,1,40
42890,40.87275,-73.87978,58,5,0,0,1,180
42902,40.83251,-73.91217,85,1,0,0,1,365
42924,40.80771,-73.85204,46,2,3,1.13,1,179
42958,40.86003,-73.86584,60,1,28,8.32,1,74
42967,40.85394,-73.89641,35,5,3,1.2,2,62
42994,40.86304,-73.84559,150,1,4,2.07,1,78
43041,40.8027,-73.91563,109,2,9,3.42,3,50
43053,40.84581,-73.8889,25,2,5,1.6,1,146
43072,40.8279,-73.90516,100,2,2,2,2,345
43166,40.83758,-73.85804,47,1,4,1.9,2,167
43168,40.85464,-73.8672,75,1,0,0,1,0
43194,40.80074,-73.91574,50,3,2,0.81,1,350
43237,40.88491,-73.85484,33,1,0,0,1,116
43250,40.86313,-73.90183,35,1,3,0.94,1,0
43296,40.86255,-73.90059,42,1,2,1.82,1,332
43302,40.87268,-73.85424,100,2,0,0,1,180
43332,40.89613,-73.85503,35,1,9,3.18,1,0
43348,40.80626,-73.85122,40,7,2,1.76,1,59
43366,40.86615,-73.88828,60,2,6,1.96,3,34
43433,40.83938,-73.85708,45,1,10,4.92,2,352
43449,40.87414,-73.88342,51,1,10,4.76,1,271
43458,40.88171,-73.85384,75,2,2,0.82,1,360
43510,40.82639,-73.90517,150,2,0,0,2,0
43564,40.82864,-73.87609,45,2,6,2.28,2,24
43604,40.8667,-73.89115,70,1,5,1.76,1,364
43619,40.86674,-73.8428,75,5,0,0,1,188
43662,40.80143,-73.91353,115,2,11,4.46,3,6
43666,40.80273,-73.91519,115,4,9,3.97,3,124
43684,40.87724,-73.85047,56,2,4,3.24,3,70
43685,40.82807,-73.82418,80,1,0,0,1,1
43764,40.90406,-73.86286,65,1,1,1,1,29
43768,40.83516,-73.86024,85,2,1,1,4,349
43806,40.86925,-73.89974,35,1,8,8,1,48
43839,40.83715,-73.83489,60,1,20,7.59,5,343
43899,40.81338,-73.85821,75,2,5,5,1,86
43925,40.83959,-73.78587,100,7,0,0,1,180
43950,40.83754,-73.85764,150,1,0,0,1,267
43957,40.89039,-73.83186,50,3,8,3.04,1,34
43989,40.82565,-73.91095,77,1,0,0,4,179
44018,40.85398,-73.88737,49,1,2,0.94,2,358
44022,40.8353,-73.85751,75,3,0,0,1,81
44056,40.8716,-73.89177,92,2,9,4.82,1,48
44117,40.81865,-73.93014,107,2,0,0,1,81
44136,40.83908,-73.86042,70,93,0,0,1,134
44261,40.83197,-73.9212,45,1,4,1.71,2,318
44305,40.87699,-73.85366,87,2,5,5,2,298
44333,40.85595,-73.88519,27,30,0,0,1,68
44442,40.86209,-73.84667,20,1,0,0,1,5
44448,40.81835,-73.91465,65,3,0,0,1,0
44498,40.82654,-73.90516,27,2,7,3.5,1,60
44499,40.83149,-73.92766,70,40,0,0,1,0
44535,40.81305,-73.91655,120,3,5,2.5,3,45
44589,40.81245,-73.91648,120,3,1,1,3,45
44632,40.81132,-73.91715,145,3,1,0.64,3,48
44671,40.84752,-73.92293,130,1,0,0,1,180
44710,40.81415,-73.88671,36,1,9,4.09,2,97
44762,40.81258,-73.88566,40,1,11,5.08,2,121
44788,40.85648,-73.88501,95,2,4,2.35,1,325
44812,40.81892,-73.8859,35,2,4,4,2,27
44842,40.83792,-73.85526,100,1,8,4.71,1,51
44849,40.8439,-73.78792,29,1,2,1.43,1,18
44858,40.89338,-73.84785,309,2,10,5.56,1,173
44872,40.80816,-73.93176,28,1,4,2.07,7,64
44873,40.88649,-73.85889,37,1,12,6.21,3,315
44880,40.80856,-73.93055,28,1,4,2.03,7,71
45032,40.86003,-73.89314,47,1,2,1.36,1,236
45067,40.82756,-73.8871,70,1,6,2.95,2,89
45097,40.83588,-73.85819,69,5,0,0,1,55
45121,40.86952,-73.89447,223,3,0,0,10,315
45135,40.82776,-73.87643,45,1,7,3.5,2,365
45141,40.83176,-73.9298,115,14,0,0,1,0
45153,40.81963,-73.90956,55,1,10,5.26,1,310
45187,40.84353,-73.91108,43,3,0,0,2,341
45250,40.85374,-73.86416,70,1,8,4.62,1,96
45260,40.83513,-73.91093,50,2,11,6.73,2,88
45262,40.83123,-73.82784,60,1,2,1.71,5,180
45266,40.83144,-73.82791,60,1,5,3.75,5,179
45295,40.82285,-73.90198,55,2,5,3.33,1,351
45302,40.83717,-73.85738,36,1,0,0,1,71
45335,40.87874,-73.84746,40,1,0,0,1,89
45389,40.80852,-73.9306,28,1,5,2.94,8,60
45393,40.80869,-73.9317,28,1,1,0.67,8,73
45399,40.80996,-73.93172,28,1,2,1.15,8,365
45401,40.80838,-73.93091,28,1,3,1.7,8,363
45404,40.85368,-73.90172,75,1,1,1,1,363
45410,40.88523,-73.91231,90,30,0,0,1,55
45439,40.80689,-73.91437,100,3,4,2.79,1,330
45450,40.82831,-73.88746,80,1,3,3,2,89
45457,40.85689,-73.9091,40,5,0,0,5,362
45477,40.81795,-73.91178,85,1,0,0,1,77
45478,40.80868,-73.93015,28,1,3,2.65,8,362
45502,40.80858,-73.93164,28,1,10,6.82,8,351
45552,40.828,-73.81275,100,3,1,1,1,336
45596,40.85251,-73.83254,55,2,0,0,1,89
45597,40.82504,-73.90918,80,1,0,0,4,365
45614,40.82936,-73.84854,75,1,1,0.68,1,365
45637,40.80464,-73.92575,125,14,0,0,1,365
45682,40.83616,-73.84638,75,1,5,3.95,1,355
45720,40.85413,-73.88387,55,1,0,0,1,236
45757,40.88798,-73.86474,35,1,5,3.13,1,62
45758,40.86997,-73.84867,36,2,2,2,4,81
45759,40.86958,-73.84872,38,2,1,1,4,90
45760,40.8688,-73.84726,120,2,0,0,4,84
45925,40.8718,-73.87699,73,1,0,0,1,180
45976,40.83207,-73.92068,42,2,0,0,1,326
46019,40.82374,-73.91555,59,2,2,2,1,0
46025,40.85539,-73.88769,69,1,3,3,2,359
46062,40.81869,-73.82233,99,2,3,3,1,120
46073,40.89323,-73.85215,160,2,0,0,1,364
46093,40.85743,-73.90233,22,1,1,0.83,1,11
46126,40.83894,-73.91158,34,2,0,0,1,9
46179,40.89701,-73.89778,109,2,1,1,1,192
46250,40.82888,-73.9045,70,2,1,1,1,90
46265,40.80828,-73.9319,28,1,2,2,8,88
46266,40.83466,-73.90278,100,3,0,0,1,365
46268,40.80844,-73.9316,60,1,0,0,8,89
46280,40.82788,-73.92604,88,3,3,3,1,241
46288,40.87846,-73.86311,140,2,4,4,2,358
46348,40.84268,-73.91007,40,1,0,0,1,188
46399,40.83898,-73.86492,55,1,0,0,1,364
46421,40.86871,-73.8474,40,2,0,0,4,90
46425,40.89147,-73.84747,196,2,0,0,1,173
46431,40.82778,-73.91516,75,3,2,2,1,253
46466,40.81203,-73.90779,50,2,3,3,1,8
46470,40.84607,-73.9071,55,91,0,0,1,364
46562,40.87066,-73.88227,56,2,0,0,1,53
46579,40.86493,-73.90315,69,2,2,2,1,86
46654,40.86093,-73.85185,75,2,2,2,1,160
46696,40.8703,-73.89313,168,3,0,0,10,337
46726,40.86066,-73.89883,149,1,0,0,1,363
46778,40.9026,-73.84806,288,2,0,0,1,346
46805,40.86963,-73.89465,79,3,0,0,10,69
46809,40.87085,-73.89318,58,3,0,0,10,75
46813,40.86947,-73.89389,55,3,0,0,10,86
46814,40.87066,-73.89317,55,3,0,0,10,89
46859,40.8455,-73.86217,35,3,1,1,1,342
46868,40.88452,-73.91065,99,3,2,2,1,52
46901,40.87256,-73.89978,95,1,4,4,1,84
46914,40.82794,-73.90412,45,2,1,1,1,364
46941,40.88125,-73.84922,85,1,6,6,1,362
46944,40.88531,-73.90008,100,3,0,0,1,88
46987,40.84308,-73.90652,67,3,0,0,2,113
47016,40.856,-73.86705,57,1,4,4,1,340
47033,40.8315,-73.92277,60,3,1,1,1,20
47065,40.84631,-73.91641,150,1,3,3,1,65
47091,40.82231,-73.91696,69,7,0,0,1,254
47099,40.87277,-73.90268,95,2,0,0,1,47
47114,40.86429,-73.90204,60,1,0,0,1,83
47120,40.80807,-73.92811,140,4,0,0,1,103
47166,40.81879,-73.88646,35,2,1,1,2,59
47171,40.82759,-73.92081,65,1,2,2,1,364
47237,40.82754,-73.82124,65,1,1,1,1,365
47249,40.84346,-73.90554,55,3,0,0,2,140
47278,40.83351,-73.93033,65,2,0,0,1,296
47293,40.86269,-73.89073,39,3,0,0,8,170
47410,40.83163,-73.93077,80,1,1,1,1,2
47442,40.88587,-73.89865,80,4,0,0,1,87
47552,40.87852,-73.85003,36,2,2,2,3,47
47565,40.87877,-73.85044,55,2,0,0,3,35
47655,40.80855,-73.92948,220,30,0,0,1,180
47661,40.89198,-73.84779,309,2,0,0,1,168
47679,40.80146,-73.91673,125,3,0,0,2,365
47716,40.86249,-73.89234,39,3,1,1,8,180
47717,40.86427,-73.89215,39,2,1,1,8,175
47719,40.86294,-73.89242,99,2,0,0,8,343
47735,40.82964,-73.91833,53,3,0,0,1,162
47744,40.80087,-73.91635,100,3,0,0,2,365
47753,40.82519,-73.90101,150,1,0,0,1,88
47790,40.91234,-73.89417,40,1,1,1,3,179
47838,40.86143,-73.84556,79,2,2,2,2,169
47914,40.82101,-73.90919,75,3,0,0,1,0
47937,40.86886,-73.84915,140,2,1,1,1,175
47955,40.83671,-73.84677,75,1,0,0,1,363
48014,40.82093,-73.91279,125,2,0,0,1,207
48029,40.91306,-73.89389,40,1,1,1,3,175
48033,40.91167,-73.89566,40,1,1,1,3,174
48068,40.85247,-73.86418,60,4,2,2,1,194
48075,40.86143,-73.84573,79,2,1,1,2,354
48102,40.84218,-73.90969,390,2,0,0,2,348
48111,40.84037,-73.8998,122,1,0,0,2,166
48146,40.8349,-73.85259,40,3,1,1,1,68
48154,40.90527,-73.89707,150,30,0,0,1,89
48171,40.85234,-73.82969,55,7,0,0,1,179
48229,40.87997,-73.90135,100,1,0,0,1,115
48282,40.84443,-73.78497,1000,1,0,0,4,90
48310,40.84295,-73.78433,600,1,0,0,4,44
48312,40.88116,-73.86547,25,90,0,0,1,190
48340,40.81629,-73.90945,85,1,1,1,1,14
48379,40.80626,-73.92815,117,4,0,0,1,290
48414,40.86355,-73.89234,39,2,0,0,8,58
48415,40.86265,-73.89263,178,2,0,0,8,89
48416,40.86264,-73.89139,29,2,0,0,8,81
48417,40.86263,-73.89088,33,2,0,0,8,84
48496,40.80655,-73.85093,379,3,0,0,1,167
48627,40.81576,-73.84653,98,3,0,0,7,169
48628,40.81733,-73.84807,128,2,0,0,7,167
48629,40.8154,-73.84657,38,3,0,0,7,177
48630,40.81727,-73.84588,38,2,0,0,7,177
48631,40.81572,-73.84592,39,2,0,0,7,177
48632,40.81539,-73.84669,39,2,0,0,7,177
48633,40.81709,-73.84811,39,2,0,0,7,177
48674,40.84735,-73.83095,50,1,0,0,1,88
48783,40.83926,-73.91173,140,1,0,0,1,90
48792,40.83146,-73.89666,80,7,0,0,1,71
48795,40.83502,-73.91058,125,2,0,0,1,364
48796,40.83372,-73.91187,70,2,0,0,2,81
48805,40.80787,-73.924,100,1,2,2,1,40